"Matches found in filtered_8v9x(AlphaFold)","Description","Residues","Query","Database Hits","Heteroatoms Notes in Database hit","RMSD","Viewer"
"Q15413","RYANODINE RECEPTOR 3","T; R; D; N;","A  28   ; A  53   ; A  73   ; A  76   ;","A1349   ; A 723   ; A 708   ; A1386   ;","none; none; none; none","1.39 A","./target.php?radio=27363731750056047|zwoc|1349:A or 723:A or 708:A or 1386:A|0.4136,-0.6913,0.5925,-16.851,0.8757,0.1240,-0.4666,-46.301,0.2490,0.7118,0.6567,26.477,0.0,0.0,0.0,1.0&db=afhuman&afid=Q15413"
"Q9P273","TENEURIN-3","T; R; D; N;","A  28   ; A  53   ; A  73   ; A  76   ;","A1836   ; A2086   ; A2107   ; A2108   ;","none; none; none; none","1.40 A","./target.php?radio=27363731750056047|nsot|1836:A or 2086:A or 2107:A or 2108:A|-0.5329,-0.4143,0.7378,31.004,-0.0953,-0.8370,-0.5389,-17.671,0.8408,-0.3575,0.4066,16.931,0.0,0.0,0.0,1.0&db=afhuman&afid=Q9P273"
"Q96DI7","U5 SMALL NUCLEAR RIBONUCLEOPROTEIN 40 KDA PROTEIN","T; R; D; N;","A  28   ; A  53   ; A  73   ; A  76   ;","A 204   ; A 223   ; A 221   ; A 202   ;","none; none; none; none","1.42 A","./target.php?radio=27363731750056047|zksz|204:A or 223:A or 221:A or 202:A|0.6303,-0.4555,0.6286,-23.234,-0.1867,0.6971,0.6923,-37.023,-0.7536,-0.5537,0.3543,-2.301,0.0,0.0,0.0,1.0&db=afhuman&afid=Q96DI7"
"P0DJD1","RANBP2-LIKE AND GRIP DOMAIN-CONTAINING PROTEIN 2","T; R; D; N;","A  28   ; A  53   ; A  73   ; A  76   ;","A  75   ; A 112   ; A 107   ; A 106   ;","none; none; none; none","1.42 A","./target.php?radio=27363731750056047|rckr|75:A or 112:A or 107:A or 106:A|0.9786,0.2027,0.0355,8.017,-0.2057,0.9650,0.1628,-10.709,-0.0012,-0.1666,0.9860,-27.160,0.0,0.0,0.0,1.0&db=afhuman&afid=P0DJD1"
"Q8ND71","GTPASE IMAP FAMILY MEMBER 8","T; R; D; N;","A  28   ; A  53   ; A  73   ; A  76   ;","A 172   ; A 402   ; A 138   ; A 169   ;","none; none; none; none","1.43 A","./target.php?radio=27363731750056047|fmzw|172:A or 402:A or 138:A or 169:A|-0.3173,-0.8683,-0.3812,-17.208,0.3027,0.2882,-0.9085,1.676,0.8987,-0.4037,0.1714,22.047,0.0,0.0,0.0,1.0&db=afhuman&afid=Q8ND71"
"B0I1T2","UNCONVENTIONAL MYOSIN-IG","T; R; D; N;","A  28   ; A  53   ; A  73   ; A  76   ;","A 848   ; A 947   ; A 845   ; A 846   ;","none; none; none; none","1.44 A","./target.php?radio=27363731750056047|wjeu|848:A or 947:A or 845:A or 846:A|-0.0665,-0.7644,0.6414,-83.914,-0.0273,-0.6411,-0.7669,69.535,0.9974,-0.0685,0.0217,85.412,0.0,0.0,0.0,1.0&db=afhuman&afid=B0I1T2"
"P0DJD0","RANBP2-LIKE AND GRIP DOMAIN-CONTAINING PROTEIN 1","T; R; D; N;","A  28   ; A  53   ; A  73   ; A  76   ;","A  67   ; A 104   ; A  99   ; A  98   ;","none; none; none; none","1.45 A","./target.php?radio=27363731750056047|qocv|67:A or 104:A or 99:A or 98:A|0.9994,-0.0117,-0.0328,9.591,0.0235,0.9212,0.3884,-10.167,0.0257,-0.3890,0.9209,-26.701,0.0,0.0,0.0,1.0&db=afhuman&afid=P0DJD0"
"P49792","E3 SUMO-PROTEIN LIGASE RANBP2","T; R; D; N;","A  28   ; A  53   ; A  73   ; A  76   ;","A  76   ; A 113   ; A 108   ; A 107   ;","none; none; none; none","1.46 A","./target.php?radio=27363731750056047|oyan|76:A or 113:A or 108:A or 107:A|0.9548,0.2276,0.1910,3.107,-0.2560,0.9565,0.1400,-14.225,-0.1508,-0.1826,0.9716,-30.570,0.0,0.0,0.0,1.0&db=afhuman&afid=P49792"
"Q8N442","TRANSLATION FACTOR GUF1, MITOCHONDRIAL","T; R; D; N;","A  28   ; A  53   ; A  73   ; A  76   ;","A  98   ; A  87   ; A  86   ; A 101   ;","none; none; none; none","1.46 A","./target.php?radio=27363731750056047|ikxp|98:A or 87:A or 86:A or 101:A|-0.1809,0.8720,-0.4548,-23.661,0.3682,-0.3688,-0.8535,-3.233,-0.9120,-0.3219,-0.2544,16.521,0.0,0.0,0.0,1.0&db=afhuman&afid=Q8N442"
"Q8TD84","DOWN SYNDROME CELL ADHESION MOLECULE-LIKE PROTEIN 1","T; R; D; N;","A  28   ; A  53   ; A  73   ; A  76   ;","A 558   ; A 499   ; A 444   ; A 525   ;","none; none; none; none","1.47 A","./target.php?radio=27363731750056047|zojj|558:A or 499:A or 444:A or 525:A|-0.2992,-0.7897,-0.5356,-9.987,-0.6823,0.5695,-0.4584,-55.218,0.6670,0.2283,-0.7092,-43.385,0.0,0.0,0.0,1.0&db=afhuman&afid=Q8TD84"
"P63010","AP-2 COMPLEX SUBUNIT BETA","T; R; D; N;","A  28   ; A  53   ; A  73   ; A  76   ;","A 478   ; A 522   ; A 521   ; A 516   ;","none; none; none; none","1.47 A","./target.php?radio=27363731750056047|muju|478:A or 522:A or 521:A or 516:A|0.9137,-0.3726,0.1625,-17.978,0.3533,0.5304,-0.7706,-71.319,0.2009,0.7614,0.6163,19.805,0.0,0.0,0.0,1.0&db=afhuman&afid=P63010"
"Q7Z3J3","RANBP2-LIKE AND GRIP DOMAIN-CONTAINING PROTEIN 4","T; R; D; N;","A  28   ; A  53   ; A  73   ; A  76   ;","A  76   ; A 113   ; A 108   ; A 107   ;","none; none; none; none","1.48 A","./target.php?radio=27363731750056047|yjnc|76:A or 113:A or 108:A or 107:A|0.3769,-0.0995,0.9209,12.367,-0.1206,-0.9910,-0.0577,-9.469,0.9184,-0.0893,-0.3855,-22.352,0.0,0.0,0.0,1.0&db=afhuman&afid=Q7Z3J3"
"O14715","RANBP2-LIKE AND GRIP DOMAIN-CONTAINING PROTEIN 8","T; R; D; N;","A  28   ; A  53   ; A  73   ; A  76   ;","A  76   ; A 113   ; A 108   ; A 107   ;","none; none; none; none","1.48 A","./target.php?radio=27363731750056047|ustk|76:A or 113:A or 108:A or 107:A|0.0918,-0.8130,0.5750,12.836,-0.7536,-0.4341,-0.4936,-15.195,0.6509,-0.3880,-0.6525,-22.140,0.0,0.0,0.0,1.0&db=afhuman&afid=O14715"
"A6NKT7","RANBP2-LIKE AND GRIP DOMAIN-CONTAINING PROTEIN 3","T; R; D; N;","A  28   ; A  53   ; A  73   ; A  76   ;","A  76   ; A 113   ; A 108   ; A 107   ;","none; none; none; none","1.49 A","./target.php?radio=27363731750056047|hojz|76:A or 113:A or 108:A or 107:A|-0.4097,-0.7654,-0.4962,5.924,-0.7538,0.5904,-0.2883,-8.548,0.5137,0.2559,-0.8189,-25.538,0.0,0.0,0.0,1.0&db=afhuman&afid=A6NKT7"
"P21359","NEUROFIBROMIN","T; R; D; N;","A  28   ; A  53   ; A  73   ; A  76   ;","A 976   ; A1025   ; A 973   ; A 974   ;","none; none; none; none","1.49 A","./target.php?radio=27363731750056047|rgph|976:A or 1025:A or 973:A or 974:A|-0.9316,0.2998,-0.2057,-19.357,-0.2947,-0.9540,-0.0559,-41.583,-0.2129,0.0085,0.9770,-17.732,0.0,0.0,0.0,1.0&db=afhuman&afid=P21359"
"Q9Y2E5","EPIDIDYMIS-SPECIFIC ALPHA-MANNOSIDASE","T; R; D; N;","A  28   ; A  53   ; A  73   ; A  76   ;","A 810   ; A 365   ; A 813   ; A 812   ;","none; none; none; none","1.50 A","./target.php?radio=27363731750056047|fppt|810:A or 365:A or 813:A or 812:A|-0.2423,0.5166,0.8213,-0.778,0.4075,0.8224,-0.3971,-19.833,-0.8805,0.2384,-0.4097,26.935,0.0,0.0,0.0,1.0&db=afhuman&afid=Q9Y2E5"
"Q99666","RANBP2-LIKE AND GRIP DOMAIN-CONTAINING PROTEIN 5/6","T; R; D; N;","A  28   ; A  53   ; A  73   ; A  76   ;","A  76   ; A 113   ; A 108   ; A 107   ;","none; none; none; none","1.50 A","./target.php?radio=27363731750056047|jhga|76:A or 113:A or 108:A or 107:A|0.4531,-0.2256,0.8625,16.060,-0.2597,-0.9589,-0.1143,-9.555,0.8528,-0.1722,-0.4930,-19.875,0.0,0.0,0.0,1.0&db=afhuman&afid=Q99666"
"Q13393","PHOSPHOLIPASE D1","T; R; D; N;","A  28   ; A  53   ; A  73   ; A  76   ;","A 936   ; A 953   ; A 904   ; A 905   ;","none; none; none; none","1.52 A","./target.php?radio=27363731750056047|echl|936:A or 953:A or 904:A or 905:A|-0.7284,-0.5122,-0.4550,-6.349,-0.4004,0.8572,-0.3239,-8.857,0.5559,-0.0538,-0.8295,-1.056,0.0,0.0,0.0,1.0&db=afhuman&afid=Q13393"
"Q9Y570","PROTEIN PHOSPHATASE METHYLESTERASE 1","T; R; D; N;","A  28   ; A  53   ; A  73   ; A  76   ;","A  62   ; A 113   ; A 134   ; A  60   ;","none; none; none; none","1.53 A","./target.php?radio=27363731750056047|kqyz|62:A or 113:A or 134:A or 60:A|0.2054,0.9702,-0.1285,-19.841,-0.0432,0.1401,0.9892,-15.923,0.9777,-0.1977,0.0707,30.957,0.0,0.0,0.0,1.0&db=afhuman&afid=Q9Y570"
"P22310","UDP-GLUCURONOSYLTRANSFERASE 1A4","T; R; D; N;","A  28   ; A  53   ; A  73   ; A  76   ;","A 199   ; A 404   ; A 203   ; A 201   ;","none; none; none; none","1.53 A","./target.php?radio=27363731750056047|cltq|199:A or 404:A or 203:A or 201:A|0.0708,-0.3482,0.9347,-5.318,-0.9954,0.0363,0.0889,-35.798,-0.0649,-0.9367,-0.3440,25.839,0.0,0.0,0.0,1.0&db=afhuman&afid=P22310"
"Q5T700","LOW-DENSITY LIPOPROTEIN RECEPTOR CLASS A DOMAIN-CON","T; R; D; N;","A  28   ; A  53   ; A  73   ; A  76   ;","A 144   ; A  78   ; A 138   ; A 146   ;","none; none; none; none","1.55 A","./target.php?radio=27363731750056047|gtyz|144:A or 78:A or 138:A or 146:A|-0.0782,0.6002,-0.7960,-19.300,-0.9597,0.1710,0.2232,-31.390,0.2701,0.7813,0.5627,12.171,0.0,0.0,0.0,1.0&db=afhuman&afid=Q5T700"
"Q8WXG9","ADHESION G-PROTEIN COUPLED RECEPTOR V1","T; R; D; N;","A  28   ; A  53   ; A  73   ; A  76   ;","A 226   ; A 217   ; A 218   ; A 225   ;","none; none; none; none","1.56 A","./target.php?radio=27363731750056047|eotu|226:A or 217:A or 218:A or 225:A|0.8354,0.5007,0.2267,-12.875,-0.5013,0.5251,0.6877,-32.567,0.2253,-0.6882,0.6897,39.001,0.0,0.0,0.0,1.0&db=afhuman&afid=Q8WXG9"
"P35504","UDP-GLUCURONOSYLTRANSFERASE 1A5","T; R; D; N;","A  28   ; A  53   ; A  73   ; A  76   ;","A 199   ; A 404   ; A 203   ; A 201   ;","none; none; none; none","1.56 A","./target.php?radio=27363731750056047|mmbi|199:A or 404:A or 203:A or 201:A|0.0163,-0.6543,0.7561,-7.131,-0.9914,-0.1087,-0.0727,-35.212,0.1297,-0.7484,-0.6504,24.970,0.0,0.0,0.0,1.0&db=afhuman&afid=P35504"
"P35503","UDP-GLUCURONOSYLTRANSFERASE 1A3","T; R; D; N;","A  28   ; A  53   ; A  73   ; A  76   ;","A 199   ; A 404   ; A 203   ; A 201   ;","none; none; none; none","1.57 A","./target.php?radio=27363731750056047|zjgt|199:A or 404:A or 203:A or 201:A|0.8948,-0.2020,-0.3981,-6.871,0.0574,0.9364,-0.3462,-34.450,0.4427,0.2869,0.8495,23.594,0.0,0.0,0.0,1.0&db=afhuman&afid=P35503"
"O95407","TUMOR NECROSIS FACTOR RECEPTOR SUPERFAMILY MEMBER 6","T; R; D; N;","A  28   ; A  53   ; A  73   ; A  76   ;","A 194   ; A 213   ; A 217   ; A 182   ;","none; none; none; none","1.57 A","./target.php?radio=27363731750056047|azpq|194:A or 213:A or 217:A or 182:A|0.1061,0.9559,-0.2737,-5.823,0.7346,-0.2609,-0.6263,0.859,-0.6701,-0.1346,-0.7299,10.059,0.0,0.0,0.0,1.0&db=afhuman&afid=O95407"
"Q92526","T-COMPLEX PROTEIN 1 SUBUNIT ZETA-2","T; R; D; N;","A  28   ; A  53   ; A  73   ; A  76   ;","A  82   ; A 396   ; A 393   ; A  61   ;","none; none; none; none","1.58 A","./target.php?radio=27363731750056047|pwhr|82:A or 396:A or 393:A or 61:A|-0.6768,-0.7241,-0.1326,-15.916,-0.6880,0.6863,-0.2359,-31.813,0.2618,-0.0684,-0.9627,15.704,0.0,0.0,0.0,1.0&db=afhuman&afid=Q92526"
"Q9Y6E7","NAD-DEPENDENT PROTEIN LIPOAMIDASE SIRTUIN-4, MITOCH","T; R; D; N;","A  28   ; A  53   ; A  73   ; A  76   ;","A 290   ; A  75   ; A  73   ; A 286   ;","none; none; none; none","1.58 A","./target.php?radio=27363731750056047|lttt|290:A or 75:A or 73:A or 286:A|0.7797,-0.2582,0.5704,-23.764,0.2471,-0.7101,-0.6593,-31.773,0.5753,0.6550,-0.4899,20.344,0.0,0.0,0.0,1.0&db=afhuman&afid=Q9Y6E7"
"Q15582","TRANSFORMING GROWTH FACTOR-BETA-INDUCED PROTEIN IG-","T; R; D; N;","A  28   ; A  53   ; A  73   ; A  76   ;","A 255   ; A 257   ; A 251   ; A 282   ;","none; none; none; none","1.59 A","./target.php?radio=27363731750056047|bkfg|255:A or 257:A or 251:A or 282:A|-0.2360,0.9360,0.2612,3.657,0.9329,0.2935,-0.2088,-30.747,-0.2721,0.1944,-0.9424,-5.567,0.0,0.0,0.0,1.0&db=afhuman&afid=Q15582"
"O95361","TRIPARTITE MOTIF-CONTAINING PROTEIN 16","T; R; D; N;","A  28   ; A  53   ; A  73   ; A  76   ;","A 445   ; A 451   ; A 450   ; A 463   ;","none; none; none; none","1.60 A","./target.php?radio=27363731750056047|yeui|445:A or 451:A or 450:A or 463:A|-0.5492,0.3994,-0.7341,-10.761,-0.3475,0.6898,0.6352,-29.307,0.7600,0.6040,-0.2401,5.052,0.0,0.0,0.0,1.0&db=afhuman&afid=O95361"
"Q63HN8","E3 UBIQUITIN-PROTEIN LIGASE RNF213","T; R; D; N;","A  28   ; A  53   ; A  73   ; A  76   ;","A 180   ; A 211   ; A  28   ; A 109   ;","none; none; none; none","1.60 A","./target.php?radio=27363731750056047|sebb|180:A or 211:A or 28:A or 109:A|0.3891,-0.1355,0.9112,15.852,0.4501,0.8910,-0.0597,-66.098,-0.8038,0.4333,0.4077,43.844,0.0,0.0,0.0,1.0&db=afhuman&afid=Q63HN8"
"Q9NZQ0","DNAJ HOMOLOG SUBFAMILY C MEMBER 27","T; R; D; N;","A  28   ; A  53   ; A  73   ; A  76   ;","A 163   ; A 142   ; A  97   ; A 134   ;","none; none; none; none","1.61 A","./target.php?radio=27363731750056047|vcss|163:A or 142:A or 97:A or 134:A|0.4725,0.8779,0.0775,-22.668,0.7865,-0.4597,0.4125,-36.678,0.3977,-0.1339,-0.9077,14.354,0.0,0.0,0.0,1.0&db=afhuman&afid=Q9NZQ0"
"Q63HN8","E3 UBIQUITIN-PROTEIN LIGASE RNF213","T; R; D; N;","A  28   ; A  53   ; A  73   ; A  76   ;","A1180   ; A1211   ; A1028   ; A1109   ;","none; none; none; none","1.61 A","./target.php?radio=27363731750056047|wgiv|1180:A or 1211:A or 1028:A or 1109:A|0.1156,0.6429,0.7571,0.927,-0.6437,0.6291,-0.4359,-42.122,-0.7565,-0.4369,0.4866,50.862,0.0,0.0,0.0,1.0&db=afhuman&afid=Q63HN8"
"Q7L775","EPM2A-INTERACTING PROTEIN 1","T; R; D; N;","A  28   ; A  53   ; A  73   ; A  76   ;","A 215   ; A 251   ; A 181   ; A 189   ;","none; none; none; none","1.61 A","./target.php?radio=27363731750056047|xkpw|215:A or 251:A or 181:A or 189:A|-0.5269,0.2548,0.8108,-18.919,-0.4213,-0.9069,0.0111,-13.324,0.7381,-0.3357,0.5852,10.145,0.0,0.0,0.0,1.0&db=afhuman&afid=Q7L775"
"Q9NRC8","NAD-DEPENDENT PROTEIN DEACETYLASE SIRTUIN-7","T; R; D; N;","A  28   ; A  53   ; A  73   ; A  76   ;","A 301   ; A 120   ; A 118   ; A 297   ;","none; none; none; none","1.61 A","./target.php?radio=27363731750056047|btjd|301:A or 120:A or 118:A or 297:A|-0.6346,-0.6669,-0.3906,-21.614,-0.5582,0.7450,-0.3652,-32.240,0.5346,-0.0137,-0.8450,15.992,0.0,0.0,0.0,1.0&db=afhuman&afid=Q9NRC8"
"Q53G59","KELCH-LIKE PROTEIN 12","T; R; D; N;","A  28   ; A  53   ; A  73   ; A  76   ;","A 497   ; A 230   ; A 473   ; A 494   ;","none; none; none; none","1.61 A","./target.php?radio=27363731750056047|pwde|497:A or 230:A or 473:A or 494:A|0.4815,0.7172,0.5038,-25.331,-0.8234,0.5670,-0.0203,-9.144,-0.3002,-0.4051,0.8636,14.579,0.0,0.0,0.0,1.0&db=afhuman&afid=Q53G59"
"P22310","UDP-GLUCURONOSYLTRANSFERASE 1A4","T; R; D; N;","A  28   ; A  53   ; A  73   ; A  76   ;","A 199   ; A 404   ; A 203   ; A 213   ;","none; none; none; none","1.62 A","./target.php?radio=27363731750056047|cltq|199:A or 404:A or 203:A or 213:A|-0.0264,-0.0421,0.9988,-9.455,-0.9756,0.2191,-0.0166,-38.154,-0.2181,-0.9748,-0.0469,26.339,0.0,0.0,0.0,1.0&db=afhuman&afid=P22310"
"Q7Z7M9","POLYPEPTIDE N-ACETYLGALACTOSAMINYLTRANSFERASE 5","T; R; D; N;","A  28   ; A  53   ; A  73   ; A  76   ;","A 481   ; A 425   ; A 427   ; A 594   ;","none; none; none; none","1.62 A","./target.php?radio=27363731750056047|rmlb|481:A or 425:A or 427:A or 594:A|-0.5384,0.2259,-0.8119,-18.568,-0.4528,-0.8901,0.0526,-29.021,-0.7107,0.3959,0.5814,-16.211,0.0,0.0,0.0,1.0&db=afhuman&afid=Q7Z7M9"
"Q7Z7M0","MULTIPLE EPIDERMAL GROWTH FACTOR-LIKE DOMAINS PROTE","T; R; D; N;","A  28   ; A  53   ; A  73   ; A  76   ;","A 231   ; A 266   ; A 228   ; A 229   ;","none; none; none; none","1.62 A","./target.php?radio=27363731750056047|jdqg|231:A or 266:A or 228:A or 229:A|0.3749,-0.5960,0.7101,25.712,-0.0610,-0.7802,-0.6226,-89.131,0.9251,0.1901,-0.3288,18.824,0.0,0.0,0.0,1.0&db=afhuman&afid=Q7Z7M0"
"M0QZD8","UNCHARACTERIZED PROTEIN","T; R; D; N;","A  28   ; A  53   ; A  73   ; A  76   ;","A 618   ; A 671   ; A 128   ; A 620   ;","none; none; none; none","1.62 A","./target.php?radio=27363731750056047|qudb|618:A or 671:A or 128:A or 620:A|0.0630,-0.7215,-0.6895,-6.624,-0.8813,-0.3645,0.3009,-5.897,-0.4684,0.5887,-0.6588,-10.334,0.0,0.0,0.0,1.0&db=afhuman&afid=M0QZD8"
"Q63HN8","E3 UBIQUITIN-PROTEIN LIGASE RNF213","T; R; D; N;","A  28   ; A  53   ; A  73   ; A  76   ;","A 380   ; A 411   ; A 228   ; A 309   ;","none; none; none; none","1.63 A","./target.php?radio=27363731750056047|ydsm|380:A or 411:A or 228:A or 309:A|-0.9826,-0.0342,-0.1823,5.352,0.1595,-0.6575,-0.7363,-58.072,-0.0947,-0.7526,0.6516,44.408,0.0,0.0,0.0,1.0&db=afhuman&afid=Q63HN8"
"Q92544","TRANSMEMBRANE 9 SUPERFAMILY MEMBER 4","T; R; D; N;","A  28   ; A  53   ; A  73   ; A  76   ;","A 380   ; A  81   ; A  83   ; A  75   ;","none; none; none; none","1.64 A","./target.php?radio=27363731750056047|ylhi|380:A or 81:A or 83:A or 75:A|-0.7506,0.6585,-0.0546,-13.189,0.3913,0.3764,-0.8398,-36.894,-0.5324,-0.6517,-0.5402,19.095,0.0,0.0,0.0,1.0&db=afhuman&afid=Q92544"
"P01562","INTERFERON ALPHA-1/13","T; R; D; N;","A  28   ; A  53   ; A  73   ; A  76   ;","A 179   ; A 186   ; A  33   ; A  34   ;","none; none; none; none","1.65 A","./target.php?radio=27363731750056047|ufzs|179:A or 186:A or 33:A or 34:A|0.9169,-0.3974,-0.0362,-14.386,-0.2657,-0.5405,-0.7983,-25.512,0.2977,0.7416,-0.6012,-0.144,0.0,0.0,0.0,1.0&db=afhuman&afid=P01562"
"Q8IYK4","PROCOLLAGEN GALACTOSYLTRANSFERASE 2","T; R; D; N;","A  28   ; A  53   ; A  73   ; A  76   ;","A 582   ; A 408   ; A 579   ; A 580   ;","none; none; none; none","1.65 A","./target.php?radio=27363731750056047|hkvf|582:A or 408:A or 579:A or 580:A|-0.5812,-0.4726,0.6625,22.138,-0.4856,-0.4518,-0.7484,-14.871,0.6530,-0.7567,0.0331,22.983,0.0,0.0,0.0,1.0&db=afhuman&afid=Q8IYK4"
"Q63HN8","E3 UBIQUITIN-PROTEIN LIGASE RNF213","T; R; D; N;","A  28   ; A  53   ; A  73   ; A  76   ;","A 980   ; A1011   ; A 828   ; A 909   ;","none; none; none; none","1.65 A","./target.php?radio=27363731750056047|fdnj|980:A or 1011:A or 828:A or 909:A|0.2400,0.8832,0.4030,-0.150,-0.9151,0.3443,-0.2097,-42.368,-0.3239,-0.3184,0.8909,46.025,0.0,0.0,0.0,1.0&db=afhuman&afid=Q63HN8"
"Q8WZ42","TITIN","T; R; D; N;","A  28   ; A  53   ; A  73   ; A  76   ;","A 931   ; A 921   ; A 925   ; A 977   ;","none; none; none; none","1.65 A","./target.php?radio=27363731750056047|ehjb|931:A or 921:A or 925:A or 977:A|-0.4549,-0.1583,-0.8764,-11.386,0.6793,-0.6980,-0.2265,-57.337,-0.5759,-0.6984,0.4250,94.627,0.0,0.0,0.0,1.0&db=afhuman&afid=Q8WZ42"
"Q08AH3","ACYL-COENZYME A SYNTHETASE ACSM2A, MITOCHONDRIAL","T; R; D; N;","A  28   ; A  53   ; A  73   ; A  76   ;","A 224   ; A 472   ; A 446   ; A 463   ;","none; none; none; none","1.65 A","./target.php?radio=27363731750056047|mgml|224:A or 472:A or 446:A or 463:A|-0.4804,0.4311,0.7638,-6.244,-0.8096,0.1171,-0.5752,-34.548,-0.3374,-0.8947,0.2927,26.404,0.0,0.0,0.0,1.0&db=afhuman&afid=Q08AH3"
"Q9Y4A5","TRANSFORMATION/TRANSCRIPTION DOMAIN-ASSOCIATED PROT","T; R; D; N;","A  28   ; A  53   ; A  73   ; A  76   ;","A  25   ; A  88   ; A  87   ; A  82   ;","none; none; none; none","1.65 A","./target.php?radio=27363731750056047|dmmu|25:A or 88:A or 87:A or 82:A|0.6059,-0.7497,0.2662,-23.337,0.7385,0.4055,-0.5387,39.200,0.2959,0.5229,0.7994,-25.001,0.0,0.0,0.0,1.0&db=afhuman&afid=Q9Y4A5"
"Q96AE7","TETRATRICOPEPTIDE REPEAT PROTEIN 17","T; R; D; N;","A  28   ; A  53   ; A  73   ; A  76   ;","A 300   ; A 274   ; A 125   ; A 303   ;","none; none; none; none","1.65 A","./target.php?radio=27363731750056047|yvlz|300:A or 274:A or 125:A or 303:A|0.2663,0.9186,0.2920,0.842,-0.2310,-0.2333,0.9446,-7.002,0.9358,-0.3190,0.1501,9.821,0.0,0.0,0.0,1.0&db=afhuman&afid=Q96AE7"
"Q63HN8","E3 UBIQUITIN-PROTEIN LIGASE RNF213","T; R; D; N;","A  28   ; A  53   ; A  73   ; A  76   ;","A 580   ; A 611   ; A 428   ; A 509   ;","none; none; none; none","1.66 A","./target.php?radio=27363731750056047|vpul|580:A or 611:A or 428:A or 509:A|-0.9594,-0.2018,-0.1971,0.513,0.2616,-0.3750,-0.8894,-51.076,0.1056,-0.9048,0.4125,44.832,0.0,0.0,0.0,1.0&db=afhuman&afid=Q63HN8"
"Q8WXX0","DYNEIN HEAVY CHAIN 7, AXONEMAL","T; R; D; N;","A  28   ; A  53   ; A  73   ; A  76   ;","A 305   ; A 103   ; A 309   ; A 310   ;","none; none; none; none","1.66 A","./target.php?radio=27363731750056047|pugd|305:A or 103:A or 309:A or 310:A|0.1393,0.4711,0.8710,-4.395,0.9633,0.1393,-0.2294,-67.506,-0.2294,0.8710,-0.4344,24.387,0.0,0.0,0.0,1.0&db=afhuman&afid=Q8WXX0"
"P40227","T-COMPLEX PROTEIN 1 SUBUNIT ZETA","T; R; D; N;","A  28   ; A  53   ; A  73   ; A  76   ;","A  82   ; A 396   ; A 393   ; A  61   ;","none; none; none; none","1.66 A","./target.php?radio=27363731750056047|lwrj|82:A or 396:A or 393:A or 61:A|0.2585,-0.6490,0.7155,-10.751,-0.6110,-0.6836,-0.3992,-28.598,0.7482,-0.3340,-0.5733,19.112,0.0,0.0,0.0,1.0&db=afhuman&afid=P40227"
"Q9UF12","HYDROXYPROLINE DEHYDROGENASE","T; R; D; N;","A  28   ; A  53   ; A  73   ; A  76   ;","A 348   ; A 359   ; A 363   ; A 347   ;","none; none; none; none","1.67 A","./target.php?radio=27363731750056047|nilh|348:A or 359:A or 363:A or 347:A|0.2848,0.8168,-0.5017,-13.186,0.7330,-0.5228,-0.4352,-34.049,-0.6178,-0.2438,-0.7476,-3.228,0.0,0.0,0.0,1.0&db=afhuman&afid=Q9UF12"
"Q9Y4A5","TRANSFORMATION/TRANSCRIPTION DOMAIN-ASSOCIATED PROT","T; R; D; N;","A  28   ; A  53   ; A  73   ; A  76   ;","A 425   ; A 488   ; A 487   ; A 482   ;","none; none; none; none","1.67 A","./target.php?radio=27363731750056047|dplu|425:A or 488:A or 487:A or 482:A|0.5985,-0.5916,0.5402,-16.915,0.7884,0.3156,-0.5280,20.090,0.1419,0.7419,0.6553,-18.005,0.0,0.0,0.0,1.0&db=afhuman&afid=Q9Y4A5"
"Q13315","SERINE-PROTEIN KINASE ATM","T; R; D; N;","A  28   ; A  53   ; A  73   ; A  76   ;","A 655   ; A 248   ; A1145   ; A1149   ;","none; none; none; none","1.67 A","./target.php?radio=27363731750056047|honq|655:A or 248:A or 1145:A or 1149:A|0.2113,0.2583,0.9427,-16.279,0.3206,-0.9294,0.1828,-40.000,0.9233,0.2636,-0.2792,18.275,0.0,0.0,0.0,1.0&db=afhuman&afid=Q13315"
"P51151","RAS-RELATED PROTEIN RAB-9A","T; R; D; N;","A  28   ; A  53   ; A  73   ; A  76   ;","A 153   ; A 131   ; A  90   ; A 124   ;","none; none; none; none","1.67 A","./target.php?radio=27363731750056047|uhrk|153:A or 131:A or 90:A or 124:A|0.5561,-0.8219,-0.1239,-20.358,0.3127,0.3450,-0.8850,-36.471,0.7701,0.4534,0.4488,5.411,0.0,0.0,0.0,1.0&db=afhuman&afid=P51151"
"B5ME19","EUKARYOTIC TRANSLATION INITIATION FACTOR 3 SUBUNIT","T; R; D; N;","A  28   ; A  53   ; A  73   ; A  76   ;","A 392   ; A 451   ; A 385   ; A 387   ;","none; none; none; none","1.67 A","./target.php?radio=27363731750056047|saiu|392:A or 451:A or 385:A or 387:A|0.4099,0.7799,-0.4729,5.615,-0.3916,0.6188,0.6810,-43.737,0.8238,-0.0939,0.5591,22.063,0.0,0.0,0.0,1.0&db=afhuman&afid=B5ME19"
"Q9Y6L7","TOLLOID-LIKE PROTEIN 2","T; R; D; N;","A  28   ; A  53   ; A  73   ; A  76   ;","A 358   ; A 185   ; A 482   ; A 479   ;","none; none; none; none","1.67 A","./target.php?radio=27363731750056047|usnv|358:A or 185:A or 482:A or 479:A|0.4488,-0.0014,-0.8937,-32.626,-0.0943,-0.9945,-0.0458,-22.474,-0.8887,0.1048,-0.4464,21.947,0.0,0.0,0.0,1.0&db=afhuman&afid=Q9Y6L7"
"Q9NYC9","DYNEIN HEAVY CHAIN 9, AXONEMAL","T; R; D; N;","A  28   ; A  53   ; A  73   ; A  76   ;","A1040   ; A 845   ; A1044   ; A1045   ;","none; none; none; none","1.67 A","./target.php?radio=27363731750056047|zorz|1040:A or 845:A or 1044:A or 1045:A|0.3836,0.7545,0.5325,-13.970,0.5606,0.2679,-0.7835,-42.179,-0.7339,0.5991,-0.3203,12.042,0.0,0.0,0.0,1.0&db=afhuman&afid=Q9NYC9"
"Q8IZT6","ABNORMAL SPINDLE-LIKE MICROCEPHALY-ASSOCIATED PROTE","T; R; D; N;","A  28   ; A  53   ; A  73   ; A  76   ;","A 586   ; A 504   ; A 590   ; A 588   ;","none; none; none; none","1.67 A","./target.php?radio=27363731750056047|tdtt|586:A or 504:A or 590:A or 588:A|-0.5394,0.7931,0.2831,5.508,0.7899,0.5930,-0.1564,-51.298,-0.2919,0.1392,-0.9463,7.092,0.0,0.0,0.0,1.0&db=afhuman&afid=Q8IZT6"
"Q8IVL1","NEURON NAVIGATOR 2","T; R; D; N;","A  28   ; A  53   ; A  73   ; A  76   ;","A2095   ; A2092   ; A2055   ; A2094   ;","none; none; none; none","1.67 A","./target.php?radio=27363731750056047|zhhx|2095:A or 2092:A or 2055:A or 2094:A|0.4646,0.7312,0.4995,-8.617,0.2958,0.4035,-0.8659,-5.818,-0.8347,0.5500,-0.0288,-12.429,0.0,0.0,0.0,1.0&db=afhuman&afid=Q8IVL1"
"Q8TD57","DYNEIN HEAVY CHAIN 3, AXONEMAL","T; R; D; N;","A  28   ; A  53   ; A  73   ; A  76   ;","A1206   ; A1004   ; A1210   ; A1211   ;","none; none; none; none","1.68 A","./target.php?radio=27363731750056047|qnuu|1206:A or 1004:A or 1210:A or 1211:A|0.5980,0.4778,0.6435,-19.716,-0.0015,-0.8022,0.5970,-42.205,0.8015,-0.3580,-0.4790,13.382,0.0,0.0,0.0,1.0&db=afhuman&afid=Q8TD57"
"Q9H9Y6","DNA-DIRECTED RNA POLYMERASE I SUBUNIT RPA2","T; R; D; N;","A  28   ; A  53   ; A  73   ; A  76   ;","A 695   ; A1003   ; A 458   ; A 461   ;","none; none; none; none","1.68 A","./target.php?radio=27363731750056047|vbyq|695:A or 1003:A or 458:A or 461:A|0.7936,0.2347,-0.5613,-26.950,-0.4029,0.8941,-0.1958,-30.220,0.4559,0.3816,0.8041,16.433,0.0,0.0,0.0,1.0&db=afhuman&afid=Q9H9Y6"
"Q8TD57","DYNEIN HEAVY CHAIN 3, AXONEMAL","T; R; D; N;","A  28   ; A  53   ; A  73   ; A  76   ;","A 806   ; A 604   ; A 810   ; A 811   ;","none; none; none; none","1.68 A","./target.php?radio=27363731750056047|pigc|806:A or 604:A or 810:A or 811:A|0.4722,0.8192,0.3255,-16.781,-0.1617,-0.2825,0.9456,-44.599,0.8666,-0.4991,-0.0010,19.378,0.0,0.0,0.0,1.0&db=afhuman&afid=Q8TD57"
"Q8IZT6","ABNORMAL SPINDLE-LIKE MICROCEPHALY-ASSOCIATED PROTE","T; R; D; N;","A  28   ; A  53   ; A  73   ; A  76   ;","A 386   ; A 304   ; A 390   ; A 388   ;","none; none; none; none","1.68 A","./target.php?radio=27363731750056047|caon|386:A or 304:A or 390:A or 388:A|-0.7077,0.7016,0.0828,18.214,0.6556,0.6958,-0.2933,-45.907,-0.2634,-0.1533,-0.9524,7.394,0.0,0.0,0.0,1.0&db=afhuman&afid=Q8IZT6"
"Q8IWX7","PROTEIN UNC-45 HOMOLOG B","T; R; D; N;","A  28   ; A  53   ; A  73   ; A  76   ;","A 348   ; A 526   ; A 568   ; A 350   ;","none; none; none; none","1.68 A","./target.php?radio=27363731750056047|mnnv|348:A or 526:A or 568:A or 350:A|-0.6126,-0.7701,-0.1781,-28.790,0.7710,-0.5326,-0.3491,-16.592,0.1739,-0.3512,0.9200,1.000,0.0,0.0,0.0,1.0&db=afhuman&afid=Q8IWX7"
"Q8IZT6","ABNORMAL SPINDLE-LIKE MICROCEPHALY-ASSOCIATED PROTE","T; R; D; N;","A  28   ; A  53   ; A  73   ; A  76   ;","A 786   ; A 704   ; A 790   ; A 788   ;","none; none; none; none","1.69 A","./target.php?radio=27363731750056047|sgxs|786:A or 704:A or 790:A or 788:A|-0.7909,0.5548,0.2584,6.786,0.4446,0.8110,-0.3804,-46.655,-0.4206,-0.1860,-0.8880,10.835,0.0,0.0,0.0,1.0&db=afhuman&afid=Q8IZT6"
"Q63HN8","E3 UBIQUITIN-PROTEIN LIGASE RNF213","T; R; D; N;","A  28   ; A  53   ; A  73   ; A  76   ;","A 780   ; A 811   ; A 628   ; A 709   ;","none; none; none; none","1.69 A","./target.php?radio=27363731750056047|kxwf|780:A or 811:A or 628:A or 709:A|-0.6815,0.0972,-0.7253,-3.951,-0.2741,-0.9529,0.1298,-42.979,-0.6786,0.2873,0.6760,43.121,0.0,0.0,0.0,1.0&db=afhuman&afid=Q63HN8"
"Q9UFH2","DYNEIN HEAVY CHAIN 17, AXONEMAL","T; R; D; N;","A  28   ; A  53   ; A  73   ; A  76   ;","A1217   ; A1022   ; A1221   ; A1222   ;","none; none; none; none","1.69 A","./target.php?radio=27363731750056047|coll|1217:A or 1022:A or 1221:A or 1222:A|-0.7478,-0.1675,-0.6425,-12.030,0.6429,0.0591,-0.7637,-38.708,0.1659,-0.9841,0.0635,12.619,0.0,0.0,0.0,1.0&db=afhuman&afid=Q9UFH2"
"O60312","PHOSPHOLIPID-TRANSPORTING ATPASE VA","T; R; D; N;","A  28   ; A  53   ; A  73   ; A  76   ;","A1227   ; A1143   ; A1142   ; A1230   ;","none; none; none; none","1.69 A","./target.php?radio=27363731750056047|yxdi|1227:A or 1143:A or 1142:A or 1230:A|-0.2960,-0.7387,-0.6056,-21.396,-0.7073,0.5956,-0.3808,-27.811,0.6420,0.3156,-0.6988,36.836,0.0,0.0,0.0,1.0&db=afhuman&afid=O60312"
"Q9H7D0","DEDICATOR OF CYTOKINESIS PROTEIN 5","T; R; D; N;","A  28   ; A  53   ; A  73   ; A  76   ;","A1029   ; A1086   ; A1089   ; A1093   ;","none; none; none; none","1.69 A","./target.php?radio=27363731750056047|okfq|1029:A or 1086:A or 1089:A or 1093:A|-0.8330,0.3471,0.4309,-14.918,-0.5275,-0.2636,-0.8076,-36.597,-0.1668,-0.9000,0.4026,48.174,0.0,0.0,0.0,1.0&db=afhuman&afid=Q9H7D0"
"Q9H158","PROTOCADHERIN ALPHA-C1","T; R; D; N;","A  28   ; A  53   ; A  73   ; A  76   ;","A 117   ; A 213   ; A 207   ; A 156   ;","none; none; none; none","1.69 A","./target.php?radio=27363731750056047|yjpl|117:A or 213:A or 207:A or 156:A|-0.8142,0.0093,-0.5804,-16.713,-0.4312,-0.6791,0.5940,63.278,-0.3887,0.7340,0.5570,62.462,0.0,0.0,0.0,1.0&db=afhuman&afid=Q9H158"
"Q7Z7G8","VACUOLAR PROTEIN SORTING-ASSOCIATED PROTEIN 13B","T; R; D; N;","A  28   ; A  53   ; A  73   ; A  76   ;","A 712   ; A 721   ; A 766   ; A 860   ;","none; none; none; none","1.70 A","./target.php?radio=27363731750056047|kmfa|712:A or 721:A or 766:A or 860:A|-0.1724,-0.3604,-0.9167,-34.332,0.0742,0.9233,-0.3770,-10.745,0.9822,-0.1330,-0.1324,20.022,0.0,0.0,0.0,1.0&db=afhuman&afid=Q7Z7G8"
"Q9Y4A5","TRANSFORMATION/TRANSCRIPTION DOMAIN-ASSOCIATED PROT","T; R; D; N;","A  28   ; A  53   ; A  73   ; A  76   ;","A1225   ; A1288   ; A1287   ; A1282   ;","none; none; none; none","1.70 A","./target.php?radio=27363731750056047|mmzx|1225:A or 1288:A or 1287:A or 1282:A|-0.5835,-0.4079,-0.7022,11.818,-0.7851,0.0624,0.6162,-9.582,-0.2076,0.9109,-0.3567,-44.641,0.0,0.0,0.0,1.0&db=afhuman&afid=Q9Y4A5"
"Q6ZR08","DYNEIN HEAVY CHAIN 12, AXONEMAL","T; R; D; N;","A  28   ; A  53   ; A  73   ; A  76   ;","A 430   ; A 228   ; A 434   ; A 435   ;","none; none; none; none","1.70 A","./target.php?radio=27363731750056047|exwo|430:A or 228:A or 434:A or 435:A|0.4506,-0.6543,0.6073,-12.484,0.8085,0.0107,-0.5884,-60.072,0.3785,0.7562,0.5338,20.708,0.0,0.0,0.0,1.0&db=afhuman&afid=Q6ZR08"
"Q9Y4A5","TRANSFORMATION/TRANSCRIPTION DOMAIN-ASSOCIATED PROT","T; R; D; N;","A  28   ; A  53   ; A  73   ; A  76   ;","A 825   ; A 888   ; A 887   ; A 882   ;","none; none; none; none","1.70 A","./target.php?radio=27363731750056047|vqve|825:A or 888:A or 887:A or 882:A|0.6485,-0.4113,0.6406,-6.513,0.5207,0.8535,0.0209,-8.069,-0.5553,0.3200,0.7676,-35.522,0.0,0.0,0.0,1.0&db=afhuman&afid=Q9Y4A5"
"Q9UKU6","THYROTROPIN-RELEASING HORMONE-DEGRADING ECTOENZYME","T; R; D; N;","A  28   ; A  53   ; A  73   ; A  76   ;","A 607   ; A 696   ; A 694   ; A 605   ;","none; none; none; none","1.70 A","./target.php?radio=27363731750056047|kqti|607:A or 696:A or 694:A or 605:A|0.4933,-0.7906,0.3629,-14.942,0.8545,0.5185,-0.0319,13.993,-0.1629,0.3258,0.9313,14.323,0.0,0.0,0.0,1.0&db=afhuman&afid=Q9UKU6"
"Q8N7R7","CYCLIN-Y-LIKE PROTEIN 1","T; R; D; N;","A  28   ; A  53   ; A  73   ; A  76   ;","A 230   ; A 156   ; A 226   ; A 231   ;","none; none; none; none","1.70 A","./target.php?radio=27363731750056047|zppd|230:A or 156:A or 226:A or 231:A|-0.2789,-0.4285,-0.8594,-4.934,0.9229,0.1276,-0.3632,-19.246,0.2653,-0.8945,0.3599,4.895,0.0,0.0,0.0,1.0&db=afhuman&afid=Q8N7R7"
"Q9UFH2","DYNEIN HEAVY CHAIN 17, AXONEMAL","T; R; D; N;","A  28   ; A  53   ; A  73   ; A  76   ;","A 617   ; A 422   ; A 621   ; A 622   ;","none; none; none; none","1.71 A","./target.php?radio=27363731750056047|jjqh|617:A or 422:A or 621:A or 622:A|0.5330,0.6334,0.5610,-10.689,-0.3995,-0.3960,0.8268,-52.626,0.7458,-0.6648,0.0420,23.390,0.0,0.0,0.0,1.0&db=afhuman&afid=Q9UFH2"
"Q9UFH2","DYNEIN HEAVY CHAIN 17, AXONEMAL","T; R; D; N;","A  28   ; A  53   ; A  73   ; A  76   ;","A 417   ; A 222   ; A 421   ; A 422   ;","none; none; none; none","1.71 A","./target.php?radio=27363731750056047|hwfw|417:A or 222:A or 421:A or 422:A|0.4053,-0.2745,0.8720,-6.485,0.8893,-0.1028,-0.4457,-62.353,0.2120,0.9561,0.2025,22.346,0.0,0.0,0.0,1.0&db=afhuman&afid=Q9UFH2"
"Q9UFH2","DYNEIN HEAVY CHAIN 17, AXONEMAL","T; R; D; N;","A  28   ; A  53   ; A  73   ; A  76   ;","A 817   ; A 622   ; A 821   ; A 822   ;","none; none; none; none","1.71 A","./target.php?radio=27363731750056047|zqno|817:A or 622:A or 821:A or 822:A|-0.5747,0.7304,-0.3692,-13.655,-0.4123,0.1313,0.9015,-44.346,0.7069,0.6703,0.2257,19.586,0.0,0.0,0.0,1.0&db=afhuman&afid=Q9UFH2"
"Q8WXX0","DYNEIN HEAVY CHAIN 7, AXONEMAL","T; R; D; N;","A  28   ; A  53   ; A  73   ; A  76   ;","A 905   ; A 703   ; A 909   ; A 910   ;","none; none; none; none","1.71 A","./target.php?radio=27363731750056047|ecjy|905:A or 703:A or 909:A or 910:A|0.3270,0.9333,0.1482,-18.673,0.2375,0.0706,-0.9688,-43.746,-0.9147,0.3520,-0.1986,16.978,0.0,0.0,0.0,1.0&db=afhuman&afid=Q8WXX0"
"Q99829","COPINE-1","T; R; D; N;","A  28   ; A  53   ; A  73   ; A  76   ;","A  85   ; A  49   ; A  82   ; A  83   ;","none; none; none; none","1.71 A","./target.php?radio=27363731750056047|qfxs|85:A or 49:A or 82:A or 83:A|0.7932,-0.5127,0.3286,26.586,-0.5973,-0.7601,0.2559,-17.067,0.1186,-0.3993,-0.9091,8.707,0.0,0.0,0.0,1.0&db=afhuman&afid=Q99829"
"Q8WXX0","DYNEIN HEAVY CHAIN 7, AXONEMAL","T; R; D; N;","A  28   ; A  53   ; A  73   ; A  76   ;","A 705   ; A 503   ; A 709   ; A 710   ;","none; none; none; none","1.71 A","./target.php?radio=27363731750056047|stnr|705:A or 503:A or 709:A or 710:A|0.4740,0.7471,0.4660,-16.463,0.3723,0.3095,-0.8750,-48.186,-0.7979,0.5882,-0.1314,20.857,0.0,0.0,0.0,1.0&db=afhuman&afid=Q8WXX0"
"Q9C0G6","DYNEIN HEAVY CHAIN 6, AXONEMAL","T; R; D; N;","A  28   ; A  53   ; A  73   ; A  76   ;","A 651   ; A 447   ; A 655   ; A 656   ;","none; none; none; none","1.71 A","./target.php?radio=27363731750056047|kbgx|651:A or 447:A or 655:A or 656:A|0.7325,0.2565,0.6306,-14.825,0.5470,0.3298,-0.7694,-51.398,-0.4053,0.9085,0.1013,21.897,0.0,0.0,0.0,1.0&db=afhuman&afid=Q9C0G6"
"Q14160","PROTEIN SCRIBBLE HOMOLOG","T; R; D; N;","A  28   ; A  53   ; A  73   ; A  76   ;","A 297   ; A 343   ; A 364   ; A 318   ;","none; none; none; none","1.71 A","./target.php?radio=27363731750056047|elxk|297:A or 343:A or 364:A or 318:A|0.1495,-0.8005,-0.5804,-21.180,0.5142,0.5643,-0.6458,-55.886,0.8445,-0.2020,0.4960,2.273,0.0,0.0,0.0,1.0&db=afhuman&afid=Q14160"
"Q00610","CLATHRIN HEAVY CHAIN 1","T; R; D; N;","A  28   ; A  53   ; A  73   ; A  76   ;","A 291   ; A 350   ; A 346   ; A 344   ;","none; none; none; none","1.72 A","./target.php?radio=27363731750056047|dzsw|291:A or 350:A or 346:A or 344:A|-0.1071,0.2362,0.9658,54.747,-0.9632,-0.2654,-0.0419,-27.067,0.2464,-0.9348,0.2560,-0.932,0.0,0.0,0.0,1.0&db=afhuman&afid=Q00610"
"Q9C0G6","DYNEIN HEAVY CHAIN 6, AXONEMAL","T; R; D; N;","A  28   ; A  53   ; A  73   ; A  76   ;","A 451   ; A 247   ; A 455   ; A 456   ;","none; none; none; none","1.72 A","./target.php?radio=27363731750056047|zmav|451:A or 247:A or 455:A or 456:A|0.6044,0.1926,0.7731,-9.737,0.7573,0.1626,-0.6326,-61.864,-0.2475,0.9677,-0.0476,22.951,0.0,0.0,0.0,1.0&db=afhuman&afid=Q9C0G6"
"Q8IZT6","ABNORMAL SPINDLE-LIKE MICROCEPHALY-ASSOCIATED PROTE","T; R; D; N;","A  28   ; A  53   ; A  73   ; A  76   ;","A 986   ; A 904   ; A 990   ; A 988   ;","none; none; none; none","1.72 A","./target.php?radio=27363731750056047|ypaq|986:A or 904:A or 990:A or 988:A|-0.7650,0.5912,0.2554,1.376,0.5840,0.8040,-0.1118,-43.875,-0.2714,0.0637,-0.9604,12.168,0.0,0.0,0.0,1.0&db=afhuman&afid=Q8IZT6"
"Q9UFH2","DYNEIN HEAVY CHAIN 17, AXONEMAL","T; R; D; N;","A  28   ; A  53   ; A  73   ; A  76   ;","A1017   ; A 822   ; A1021   ; A1022   ;","none; none; none; none","1.72 A","./target.php?radio=27363731750056047|ohzj|1017:A or 822:A or 1021:A or 1022:A|0.6630,0.7349,0.1430,-21.613,0.1761,0.0326,-0.9838,-43.143,-0.7276,0.6774,-0.1078,14.492,0.0,0.0,0.0,1.0&db=afhuman&afid=Q9UFH2"
"Q9NS23","RAS ASSOCIATION DOMAIN-CONTAINING PROTEIN 1","T; R; D; N;","A  28   ; A  53   ; A  73   ; A  76   ;","A 165   ; A 223   ; A 161   ; A 159   ;","none; none; none; none","1.72 A","./target.php?radio=27363731750056047|rhmq|165:A or 223:A or 161:A or 159:A|0.9720,-0.1580,-0.1741,11.649,-0.1380,-0.9829,0.1215,-38.880,-0.1904,-0.0940,-0.9772,14.895,0.0,0.0,0.0,1.0&db=afhuman&afid=Q9NS23"
"Q96T83","SODIUM/HYDROGEN EXCHANGER 7","T; R; D; N;","A  28   ; A  53   ; A  73   ; A  76   ;","A 219   ; A 489   ; A 263   ; A 291   ;","none; none; none; none","1.73 A","./target.php?radio=27363731750056047|uzcp|219:A or 489:A or 263:A or 291:A|-0.4063,0.9002,0.1568,-19.804,-0.1891,0.0851,-0.9783,-26.145,-0.8939,-0.4272,0.1357,15.086,0.0,0.0,0.0,1.0&db=afhuman&afid=Q96T83"
"Q96DT5","DYNEIN HEAVY CHAIN 11, AXONEMAL","T; R; D; N;","A  28   ; A  53   ; A  73   ; A  76   ;","A1072   ; A 868   ; A1076   ; A1077   ;","none; none; none; none","1.73 A","./target.php?radio=27363731750056047|tztw|1072:A or 868:A or 1076:A or 1077:A|-0.0274,-0.9709,-0.2378,-14.920,-0.9210,-0.0680,0.3836,-41.212,-0.3886,0.2295,-0.8924,14.960,0.0,0.0,0.0,1.0&db=afhuman&afid=Q96DT5"
"Q96DT5","DYNEIN HEAVY CHAIN 11, AXONEMAL","T; R; D; N;","A  28   ; A  53   ; A  73   ; A  76   ;","A 872   ; A 668   ; A 876   ; A 877   ;","none; none; none; none","1.73 A","./target.php?radio=27363731750056047|xzhd|872:A or 668:A or 876:A or 877:A|0.4486,0.3940,0.8022,-13.494,0.5639,0.5716,-0.5960,-42.601,-0.6934,0.7198,0.0342,17.496,0.0,0.0,0.0,1.0&db=afhuman&afid=Q96DT5"
"Q96DT5","DYNEIN HEAVY CHAIN 11, AXONEMAL","T; R; D; N;","A  28   ; A  53   ; A  73   ; A  76   ;","A 672   ; A 468   ; A 676   ; A 677   ;","none; none; none; none","1.73 A","./target.php?radio=27363731750056047|ehio|672:A or 468:A or 676:A or 677:A|0.4151,-0.3717,0.8304,-11.009,0.8846,0.3782,-0.2729,-47.382,-0.2126,0.8478,0.4858,22.356,0.0,0.0,0.0,1.0&db=afhuman&afid=Q96DT5"
"Q92581","SODIUM/HYDROGEN EXCHANGER 6","T; R; D; N;","A  28   ; A  53   ; A  73   ; A  76   ;","A 187   ; A 458   ; A 231   ; A 259   ;","none; none; none; none","1.74 A","./target.php?radio=27363731750056047|czdv|187:A or 458:A or 231:A or 259:A|-0.5335,-0.0260,-0.8454,-18.186,-0.7014,0.5722,0.4251,-27.342,0.4726,0.8197,-0.3235,12.080,0.0,0.0,0.0,1.0&db=afhuman&afid=Q92581"
"P0DMV9","HEAT SHOCK 70 KDA PROTEIN 1B","T; R; D; N;","A  28   ; A  53   ; A  73   ; A  76   ;","A 502   ; A 509   ; A 152   ; A 487   ;","none; none; none; none","1.74 A","./target.php?radio=27363731750056047|mvip|502:A or 509:A or 152:A or 487:A|0.6033,0.4840,0.6339,-23.930,0.4342,-0.8660,0.2479,-20.704,0.6690,0.1257,-0.7326,29.635,0.0,0.0,0.0,1.0&db=afhuman&afid=P0DMV9"
"Q9P2D7","DYNEIN HEAVY CHAIN 1, AXONEMAL","T; R; D; N;","A  28   ; A  53   ; A  73   ; A  76   ;","A1361   ; A1156   ; A1365   ; A1366   ;","none; none; none; none","1.74 A","./target.php?radio=27363731750056047|sehm|1361:A or 1156:A or 1365:A or 1366:A|-0.4994,0.8657,0.0349,-15.441,0.7412,0.4477,-0.5002,-42.117,-0.4486,-0.2239,-0.8652,14.243,0.0,0.0,0.0,1.0&db=afhuman&afid=Q9P2D7"
"Q9HCC8","GLYCEROPHOSPHOINOSITOL INOSITOLPHOSPHODIESTERASE GD","T; R; D; N;","A  28   ; A  53   ; A  73   ; A  76   ;","A 257   ; A 357   ; A 272   ; A 239   ;","none; none; none; none","1.74 A","./target.php?radio=27363731750056047|kmhe|257:A or 357:A or 272:A or 239:A|-0.6293,0.6259,0.4607,-2.831,-0.2757,-0.7340,0.6206,-19.522,0.7266,0.2635,0.6345,12.139,0.0,0.0,0.0,1.0&db=afhuman&afid=Q9HCC8"
"Q8IVB4","SODIUM/HYDROGEN EXCHANGER 9","T; R; D; N;","A  28   ; A  53   ; A  73   ; A  76   ;","A 170   ; A 441   ; A 215   ; A 243   ;","none; none; none; none","1.74 A","./target.php?radio=27363731750056047|reeh|170:A or 441:A or 215:A or 243:A|0.6157,-0.6088,0.5003,-17.514,-0.6653,-0.7418,-0.0839,-28.254,0.4222,-0.2812,-0.8618,11.757,0.0,0.0,0.0,1.0&db=afhuman&afid=Q8IVB4"
"P54132","BLOOM SYNDROME PROTEIN","T; R; D; N;","A  28   ; A  53   ; A  73   ; A  76   ;","A1179   ; A 431   ; A 433   ; A1184   ;","none; none; none; none","1.74 A","./target.php?radio=27363731750056047|ubim|1179:A or 431:A or 433:A or 1184:A|0.0205,-0.2181,0.9757,29.057,-0.4706,0.8590,0.2019,-39.721,-0.8821,-0.4633,-0.0850,7.512,0.0,0.0,0.0,1.0&db=afhuman&afid=P54132"
"Q8WV93","AFG1-LIKE ATPASE","T; R; D; N;","A  28   ; A  53   ; A  73   ; A  76   ;","A 392   ; A 459   ; A 399   ; A 396   ;","none; none; none; none","1.74 A","./target.php?radio=27363731750056047|dwqf|392:A or 459:A or 399:A or 396:A|-0.1165,0.4843,0.8671,-13.170,-0.6686,-0.6839,0.2921,-24.332,0.7344,-0.5457,0.4035,14.725,0.0,0.0,0.0,1.0&db=afhuman&afid=Q8WV93"
"Q9HCU4","CADHERIN EGF LAG SEVEN-PASS G-TYPE RECEPTOR 2","T; R; D; N;","A  28   ; A  53   ; A  73   ; A  76   ;","A 282   ; A 379   ; A 371   ; A 321   ;","none; none; none; none","1.74 A","./target.php?radio=27363731750056047|iigd|282:A or 379:A or 371:A or 321:A|-0.3482,0.9333,-0.0881,-38.285,0.8722,0.2881,-0.3953,38.479,-0.3435,-0.2145,-0.9143,17.257,0.0,0.0,0.0,1.0&db=afhuman&afid=Q9HCU4"
"Q8WXX0","DYNEIN HEAVY CHAIN 7, AXONEMAL","T; R; D; N;","A  28   ; A  53   ; A  73   ; A  76   ;","A1305   ; A1103   ; A1309   ; A1310   ;","none; none; none; none","1.74 A","./target.php?radio=27363731750056047|caxs|1305:A or 1103:A or 1309:A or 1310:A|0.3194,0.8202,0.4747,-18.299,0.8177,0.0146,-0.5754,-40.928,-0.4788,0.5719,-0.6660,8.945,0.0,0.0,0.0,1.0&db=afhuman&afid=Q8WXX0"
"Q96DT5","DYNEIN HEAVY CHAIN 11, AXONEMAL","T; R; D; N;","A  28   ; A  53   ; A  73   ; A  76   ;","A1272   ; A1068   ; A1276   ; A1277   ;","none; none; none; none","1.75 A","./target.php?radio=27363731750056047|xrhk|1272:A or 1068:A or 1276:A or 1277:A|-0.8001,-0.5333,-0.2745,-26.554,-0.5604,0.5015,0.6591,-46.879,-0.2139,0.6812,-0.7001,16.036,0.0,0.0,0.0,1.0&db=afhuman&afid=Q96DT5"
"Q12913","RECEPTOR-TYPE TYROSINE-PROTEIN PHOSPHATASE ETA","T; R; D; N;","A  28   ; A  53   ; A  73   ; A  76   ;","A 328   ; A 214   ; A 212   ; A 229   ;","none; none; none; none","1.75 A","./target.php?radio=27363731750056047|dsxo|328:A or 214:A or 212:A or 229:A|0.5681,-0.0040,0.8229,39.935,0.1215,0.9894,-0.0791,-54.343,-0.8139,0.1449,0.5626,110.305,0.0,0.0,0.0,1.0&db=afhuman&afid=Q12913"
"Q9NYC9","DYNEIN HEAVY CHAIN 9, AXONEMAL","T; R; D; N;","A  28   ; A  53   ; A  73   ; A  76   ;","A1240   ; A1045   ; A1244   ; A1245   ;","none; none; none; none","1.75 A","./target.php?radio=27363731750056047|ebay|1240:A or 1045:A or 1244:A or 1245:A|-0.9092,-0.0725,-0.4101,-26.567,-0.3951,0.4616,0.7943,-45.347,0.1317,0.8841,-0.4483,17.106,0.0,0.0,0.0,1.0&db=afhuman&afid=Q9NYC9"
"Q13873","BONE MORPHOGENETIC PROTEIN RECEPTOR TYPE-2","T; R; D; N;","A  28   ; A  53   ; A  73   ; A  76   ;","A 379   ; A 213   ; A 351   ; A 335   ;","none; none; none; none","1.75 A","./target.php?radio=27363731750056047|gajp|379:A or 213:A or 351:A or 335:A|0.9518,-0.1800,0.2485,-7.753,0.1011,-0.5808,-0.8078,-23.643,0.2897,0.7939,-0.5346,1.809,0.0,0.0,0.0,1.0&db=afhuman&afid=Q13873"
"O77932","DECAPPING AND EXORIBONUCLEASE PROTEIN","T; R; D; N;","A  28   ; A  53   ; A  73   ; A  76   ;","A 212   ; A  58   ; A  55   ; A 211   ;","none; none; none; none","1.75 A","./target.php?radio=27363731750056047|ifqp|212:A or 58:A or 55:A or 211:A|0.3793,-0.2873,0.8795,-5.561,-0.2039,0.9012,0.3824,-45.079,-0.9025,-0.3244,0.2833,18.694,0.0,0.0,0.0,1.0&db=afhuman&afid=O77932"
"Q9C0G6","DYNEIN HEAVY CHAIN 6, AXONEMAL","T; R; D; N;","A  28   ; A  53   ; A  73   ; A  76   ;","A 851   ; A 647   ; A 855   ; A 856   ;","none; none; none; none","1.75 A","./target.php?radio=27363731750056047|uyyj|851:A or 647:A or 855:A or 856:A|0.7705,0.4002,0.4962,-16.008,0.3653,0.3608,-0.8582,-44.922,-0.5224,0.8425,0.1318,16.641,0.0,0.0,0.0,1.0&db=afhuman&afid=Q9C0G6"
"Q8N6G6","ADAMTS-LIKE PROTEIN 1","T; R; D; N;","A  28   ; A  53   ; A  73   ; A  76   ;","A 146   ; A  89   ; A 114   ; A 113   ;","none; none; none; none","1.75 A","./target.php?radio=27363731750056047|xfqq|146:A or 89:A or 114:A or 113:A|-0.0860,0.4613,0.8831,33.628,-0.6036,0.6810,-0.4145,-52.592,-0.7926,-0.5687,0.2199,-13.375,0.0,0.0,0.0,1.0&db=afhuman&afid=Q8N6G6"
"Q9C0G6","DYNEIN HEAVY CHAIN 6, AXONEMAL","T; R; D; N;","A  28   ; A  53   ; A  73   ; A  76   ;","A1051   ; A 847   ; A1055   ; A1056   ;","none; none; none; none","1.75 A","./target.php?radio=27363731750056047|jyua|1051:A or 847:A or 1055:A or 1056:A|0.6867,0.0059,0.7269,-9.350,-0.5685,-0.6188,0.5421,-45.169,0.4530,-0.7855,-0.4216,15.964,0.0,0.0,0.0,1.0&db=afhuman&afid=Q9C0G6"
"Q8WXG9","ADHESION G-PROTEIN COUPLED RECEPTOR V1","T; R; D; N;","A  28   ; A  53   ; A  73   ; A  76   ;","A  26   ; A  17   ; A  18   ; A  25   ;","none; none; none; none","1.76 A","./target.php?radio=27363731750056047|ilbw|26:A or 17:A or 18:A or 25:A|0.1271,-0.1339,-0.9828,40.191,-0.4831,-0.8737,0.0566,45.091,-0.8663,0.4676,-0.1758,-64.089,0.0,0.0,0.0,1.0&db=afhuman&afid=Q8WXG9"
"Q6NUT3","MAJOR FACILITATOR SUPERFAMILY DOMAIN-CONTAINING PRO","T; R; D; N;","A  28   ; A  53   ; A  73   ; A  76   ;","A 145   ; A 170   ; A  33   ; A  32   ;","none; none; none; none","1.76 A","./target.php?radio=27363731750056047|tsom|145:A or 170:A or 33:A or 32:A|0.4810,-0.0534,-0.8751,-22.796,-0.8645,0.1368,-0.4836,-28.358,0.1456,0.9891,0.0196,14.041,0.0,0.0,0.0,1.0&db=afhuman&afid=Q6NUT3"
"Q9BXT6","RNA HELICASE MOV10L1","T; R; D; N;","A  28   ; A  53   ; A  73   ; A  76   ;","A 205   ; A1120   ; A1155   ; A 195   ;","none; none; none; none","1.76 A","./target.php?radio=27363731750056047|xhrg|205:A or 1120:A or 1155:A or 195:A|-0.6573,0.5569,-0.5077,-19.369,-0.0155,-0.6835,-0.7298,-23.150,-0.7534,-0.4718,0.4579,27.984,0.0,0.0,0.0,1.0&db=afhuman&afid=Q9BXT6"
"Q99250","SODIUM CHANNEL PROTEIN TYPE 2 SUBUNIT ALPHA","T; R; D; N;","A  28   ; A  53   ; A  73   ; A  76   ;","A1699   ; A1687   ; A1692   ; A1702   ;","none; none; none; none","1.76 A","./target.php?radio=27363731750056047|qlxw|1699:A or 1687:A or 1692:A or 1702:A|-0.4119,-0.0195,-0.9110,-24.318,-0.4082,0.8978,0.1654,-12.204,0.8147,0.4400,-0.3778,-4.310,0.0,0.0,0.0,1.0&db=afhuman&afid=Q99250"
"Q2M389","WASH COMPLEX SUBUNIT 4","T; R; D; N;","A  28   ; A  53   ; A  73   ; A  76   ;","A 742   ; A 755   ; A 734   ; A 739   ;","none; none; none; none","1.76 A","./target.php?radio=27363731750056047|bybd|742:A or 755:A or 734:A or 739:A|0.4740,-0.6907,-0.5462,-23.516,-0.6087,-0.7052,0.3635,-3.978,-0.6362,0.1602,-0.7547,5.566,0.0,0.0,0.0,1.0&db=afhuman&afid=Q2M389"
"Q9NZR2","LOW-DENSITY LIPOPROTEIN RECEPTOR-RELATED PROTEIN 1B","T; R; D; N;","A  28   ; A  53   ; A  73   ; A  76   ;","A 238   ; A 221   ; A 199   ; A 225   ;","none; none; none; none","1.76 A","./target.php?radio=27363731750056047|xvxi|238:A or 221:A or 199:A or 225:A|0.4049,0.8944,-0.1900,-28.322,-0.8965,0.4292,0.1099,-6.101,0.1798,0.1258,0.9756,20.214,0.0,0.0,0.0,1.0&db=afhuman&afid=Q9NZR2"
"Q6ZR08","DYNEIN HEAVY CHAIN 12, AXONEMAL","T; R; D; N;","A  28   ; A  53   ; A  73   ; A  76   ;","A1230   ; A1028   ; A1234   ; A1235   ;","none; none; none; none","1.77 A","./target.php?radio=27363731750056047|kzls|1230:A or 1028:A or 1234:A or 1235:A|0.6823,-0.2390,0.6909,-16.290,-0.1231,-0.9691,-0.2138,-41.007,0.7206,0.0608,-0.6907,12.531,0.0,0.0,0.0,1.0&db=afhuman&afid=Q6ZR08"
"Q9C0G6","DYNEIN HEAVY CHAIN 6, AXONEMAL","T; R; D; N;","A  28   ; A  53   ; A  73   ; A  76   ;","A1251   ; A1047   ; A1255   ; A1256   ;","none; none; none; none","1.77 A","./target.php?radio=27363731750056047|olyb|1251:A or 1047:A or 1255:A or 1256:A|-0.3992,0.8310,-0.3875,-21.520,0.6581,-0.0345,-0.7521,-49.074,-0.6384,-0.5552,-0.5331,8.751,0.0,0.0,0.0,1.0&db=afhuman&afid=Q9C0G6"
"P08865","40S RIBOSOMAL PROTEIN SA","T; R; D; N;","A  28   ; A  53   ; A  73   ; A  76   ;","A 150   ; A 128   ; A 126   ; A 149   ;","none; none; none; none","1.77 A","./target.php?radio=27363731750056047|ymtu|150:A or 128:A or 126:A or 149:A|-0.0422,-0.9877,-0.1504,-22.708,-0.9326,0.0929,-0.3486,-30.092,0.3583,0.1256,-0.9251,11.030,0.0,0.0,0.0,1.0&db=afhuman&afid=P08865"
"Q9Y6Q1","CALPAIN-6","T; R; D; N;","A  28   ; A  53   ; A  73   ; A  76   ;","A 536   ; A 586   ; A 590   ; A 538   ;","none; none; none; none","1.77 A","./target.php?radio=27363731750056047|ilxr|536:A or 586:A or 590:A or 538:A|0.2266,0.3175,-0.9208,-38.688,0.3288,0.8650,0.3791,-16.322,0.9168,-0.3887,0.0916,-18.321,0.0,0.0,0.0,1.0&db=afhuman&afid=Q9Y6Q1"
"Q16647","PROSTACYCLIN SYNTHASE","T; R; D; N;","A  28   ; A  53   ; A  73   ; A  76   ;","A 179   ; A 249   ; A 196   ; A 143   ;","none; none; none; none","1.77 A","./target.php?radio=27363731750056047|znot|179:A or 249:A or 196:A or 143:A|-0.5576,0.1615,0.8143,2.946,0.4956,0.8517,0.1704,-32.902,-0.6659,0.4986,-0.5549,-1.129,0.0,0.0,0.0,1.0&db=afhuman&afid=Q16647"
"Q86UK0","ATP-BINDING CASSETTE SUB-FAMILY A MEMBER 12","T; R; D; N;","A  28   ; A  53   ; A  73   ; A  76   ;","A1278   ; A1095   ; A1093   ; A1170   ;","none; none; none; none","1.78 A","./target.php?radio=27363731750056047|icjt|1278:A or 1095:A or 1093:A or 1170:A|-0.9663,0.0678,0.2482,-40.864,-0.1808,-0.8653,-0.4676,-13.380,0.1830,-0.4967,0.8484,3.765,0.0,0.0,0.0,1.0&db=afhuman&afid=Q86UK0"
"Q969H4","CONNECTOR ENHANCER OF KINASE SUPPRESSOR OF RAS 1","T; R; D; N;","A  28   ; A  53   ; A  73   ; A  76   ;","A 435   ; A 393   ; A 517   ; A 452   ;","none; none; none; none","1.78 A","./target.php?radio=27363731750056047|wonb|435:A or 393:A or 517:A or 452:A|-0.5716,0.5262,0.6296,-14.703,0.8014,0.5227,0.2907,-64.348,-0.1761,0.6708,-0.7204,3.350,0.0,0.0,0.0,1.0&db=afhuman&afid=Q969H4"
"Q99613","EUKARYOTIC TRANSLATION INITIATION FACTOR 3 SUBUNIT","T; R; D; N;","A  28   ; A  53   ; A  73   ; A  76   ;","A 391   ; A 450   ; A 384   ; A 386   ;","none; none; none; none","1.78 A","./target.php?radio=27363731750056047|enpe|391:A or 450:A or 384:A or 386:A|0.3543,0.7708,-0.5295,6.052,-0.4233,0.6371,0.6441,-44.298,0.8338,-0.0041,0.5521,21.501,0.0,0.0,0.0,1.0&db=afhuman&afid=Q99613"
"Q9NYC9","DYNEIN HEAVY CHAIN 9, AXONEMAL","T; R; D; N;","A  28   ; A  53   ; A  73   ; A  76   ;","A 640   ; A 445   ; A 644   ; A 645   ;","none; none; none; none","1.78 A","./target.php?radio=27363731750056047|kpkj|640:A or 445:A or 644:A or 645:A|0.2398,0.5646,0.7898,-9.030,0.7115,0.4513,-0.5386,-51.058,-0.6605,0.6911,-0.2935,21.052,0.0,0.0,0.0,1.0&db=afhuman&afid=Q9NYC9"
"P30926","NEURONAL ACETYLCHOLINE RECEPTOR SUBUNIT BETA-4","T; R; D; N;","A  28   ; A  53   ; A  73   ; A  76   ;","A 168   ; A 209   ; A 221   ; A 119   ;","none; none; none; none","1.78 A","./target.php?radio=27363731750056047|irfx|168:A or 209:A or 221:A or 119:A|-0.7571,0.3958,0.5197,-8.088,0.5543,0.8103,0.1904,-40.866,-0.3457,0.4322,-0.8328,-2.656,0.0,0.0,0.0,1.0&db=afhuman&afid=P30926"
"P35498","SODIUM CHANNEL PROTEIN TYPE 1 SUBUNIT ALPHA","T; R; D; N;","A  28   ; A  53   ; A  73   ; A  76   ;","A1709   ; A1697   ; A1702   ; A1712   ;","none; none; none; none","1.78 A","./target.php?radio=27363731750056047|hpdp|1709:A or 1697:A or 1702:A or 1712:A|-0.3942,0.0910,-0.9145,-24.261,-0.3925,0.8831,0.2571,-12.165,0.8310,0.4603,-0.3124,-3.913,0.0,0.0,0.0,1.0&db=afhuman&afid=P35498"
"Q86XS5","ANGIOPOIETIN-RELATED PROTEIN 5","T; R; D; N;","A  28   ; A  53   ; A  73   ; A  76   ;","A 356   ; A 198   ; A 204   ; A 329   ;","none; none; none; none","1.79 A","./target.php?radio=27363731750056047|nynd|356:A or 198:A or 204:A or 329:A|-0.9621,-0.2728,-0.0013,-3.615,0.0201,-0.0757,0.9969,-26.848,-0.2721,0.9591,0.0783,21.489,0.0,0.0,0.0,1.0&db=afhuman&afid=Q86XS5"
"Q13315","SERINE-PROTEIN KINASE ATM","T; R; D; N;","A  28   ; A  53   ; A  73   ; A  76   ;","A 455   ; A  48   ; A 945   ; A 949   ;","none; none; none; none","1.79 A","./target.php?radio=27363731750056047|uxnv|455:A or 48:A or 945:A or 949:A|-0.1611,0.8438,0.5119,-10.656,0.7856,-0.2043,0.5840,-42.662,0.5974,0.4962,-0.6300,3.984,0.0,0.0,0.0,1.0&db=afhuman&afid=Q13315"
"Q8TE73","DYNEIN HEAVY CHAIN 5, AXONEMAL","T; R; D; N;","A  28   ; A  53   ; A  73   ; A  76   ;","A 140   ; A 132   ; A 134   ; A 143   ;","none; none; none; none","1.79 A","./target.php?radio=27363731750056047|krzi|140:A or 132:A or 134:A or 143:A|0.3718,-0.1806,0.9106,-10.683,0.2913,0.9541,0.0703,24.813,-0.8814,0.2391,0.4073,-28.655,0.0,0.0,0.0,1.0&db=afhuman&afid=Q8TE73"
"Q9BVG4","PROTEIN PBDC1","T; R; D; N;","A  28   ; A  53   ; A  73   ; A  76   ;","A 134   ; A 149   ; A 124   ; A 133   ;","none; none; none; none","1.79 A","./target.php?radio=27363731750056047|sadk|134:A or 149:A or 124:A or 133:A|0.4106,-0.3355,-0.8479,-5.968,0.0971,-0.9085,0.4065,-30.762,-0.9066,-0.2492,-0.3404,13.693,0.0,0.0,0.0,1.0&db=afhuman&afid=Q9BVG4"
"Q9NVN8","GUANINE NUCLEOTIDE-BINDING PROTEIN-LIKE 3-LIKE PROT","T; R; D; N;","A  28   ; A  53   ; A  73   ; A  76   ;","A 437   ; A 238   ; A 429   ; A 434   ;","none; none; none; none","1.79 A","./target.php?radio=27363731750056047|sqsz|437:A or 238:A or 429:A or 434:A|-0.5526,-0.2851,-0.7832,-30.295,-0.2297,-0.8512,0.4719,-43.015,-0.8012,0.4407,0.4049,3.612,0.0,0.0,0.0,1.0&db=afhuman&afid=Q9NVN8"
"Q9C0G6","DYNEIN HEAVY CHAIN 6, AXONEMAL","T; R; D; N;","A  28   ; A  53   ; A  73   ; A  76   ;","A 251   ; A  47   ; A 255   ; A 256   ;","none; none; none; none","1.79 A","./target.php?radio=27363731750056047|hagt|251:A or 47:A or 255:A or 256:A|0.4301,0.7091,-0.5588,-4.172,-0.8403,0.5407,0.0393,-72.069,0.3300,0.4526,0.8284,20.212,0.0,0.0,0.0,1.0&db=afhuman&afid=Q9C0G6"
"Q14204","CYTOPLASMIC DYNEIN 1 HEAVY CHAIN 1","T; R; D; N;","A  28   ; A  53   ; A  73   ; A  76   ;","A 755   ; A 491   ; A 720   ; A 716   ;","none; none; none; none","1.79 A","./target.php?radio=27363731750056047|orbw|755:A or 491:A or 720:A or 716:A|0.5376,-0.6347,0.5552,-17.785,-0.2492,0.5094,0.8237,-43.349,-0.8055,-0.5811,0.1157,6.820,0.0,0.0,0.0,1.0&db=afhuman&afid=Q14204"
"Q8IYK4","PROCOLLAGEN GALACTOSYLTRANSFERASE 2","T; R; D; N;","A  28   ; A  53   ; A  73   ; A  76   ;","A  98   ; A 103   ; A 122   ; A  94   ;","none; none; none; none","1.79 A","./target.php?radio=27363731750056047|hkvf|98:A or 103:A or 122:A or 94:A|-0.1145,0.7972,0.5927,-6.019,-0.7529,-0.4589,0.4718,-49.946,0.6482,-0.3922,0.6527,-5.702,0.0,0.0,0.0,1.0&db=afhuman&afid=Q8IYK4"
"Q9ULI0","ATPASE FAMILY AAA DOMAIN-CONTAINING PROTEIN 2B","T; R; D; N;","A  28   ; A  53   ; A  73   ; A  76   ;","A 223   ; A 233   ; A 229   ; A 227   ;","none; none; none; none","1.80 A","./target.php?radio=27363731750056047|sfas|223:A or 233:A or 229:A or 227:A|0.2102,-0.6828,-0.6997,-20.100,-0.7368,0.3598,-0.5724,-23.787,0.6426,0.6359,-0.4275,-50.915,0.0,0.0,0.0,1.0&db=afhuman&afid=Q9ULI0"