"Matches found in filtered_9axr(AlphaFold)","Description","Residues","Query","Database Hits","Heteroatoms Notes in Database hit","RMSD","Viewer"
"Q96E40","SPERM ACROSOME-ASSOCIATED PROTEIN 9","Y; E; Y; Q;","H  35   ; H  99   ; L  36   ; L  89   ;","A 134   ; A  30   ; A  52   ; A  48   ;","none; none; none; none","1.36 A","./target.php?radio=27363731750056094|wstm|134:A or 30:A or 52:A or 48:A|0.2045,-0.4354,0.8767,10.696,-0.1569,-0.8986,-0.4097,-38.245,0.9662,-0.0538,-0.2521,8.011,0.0,0.0,0.0,1.0&db=afhuman&afid=Q96E40"
"P53041","SERINE/THREONINE-PROTEIN PHOSPHATASE 5","Y; E; Y; Q;","H  35   ; H  99   ; L  36   ; L  89   ;","A 451   ; A  76   ; A  44   ; A 454   ;","none; none; none; none","1.36 A","./target.php?radio=27363731750056094|qmnd|451:A or 76:A or 44:A or 454:A|-0.9717,0.2130,-0.1019,1.785,-0.1176,-0.0623,0.9911,-26.667,0.2047,0.9751,0.0855,18.806,0.0,0.0,0.0,1.0&db=afhuman&afid=P53041"
"P16278","BETA-GALACTOSIDASE","Y; E; Y; Q;","H  35   ; H  99   ; L  36   ; L  89   ;","A 270   ; A 188   ; A  83   ; A  81   ;","none; none; none; none","1.44 A","./target.php?radio=27363731750056094|tgsr|270:A or 188:A or 83:A or 81:A|-0.7220,-0.5008,0.4774,-6.219,0.6858,-0.4260,0.5901,-47.093,-0.0921,0.7534,0.6510,10.935,0.0,0.0,0.0,1.0&db=afhuman&afid=P16278"
"Q9UI42","CARBOXYPEPTIDASE A4","Y; E; Y; Q;","H  35   ; H  99   ; L  36   ; L  89   ;","A 123   ; A 101   ; A 228   ; A 188   ;","none; none; none; none","1.44 A","./target.php?radio=27363731750056094|gssw|123:A or 101:A or 228:A or 188:A|0.3314,0.2660,0.9052,13.423,0.6476,-0.7618,-0.0133,-43.919,0.6861,0.5907,-0.4247,19.844,0.0,0.0,0.0,1.0&db=afhuman&afid=Q9UI42"
"O60513","BETA-1,4-GALACTOSYLTRANSFERASE 4","Y; E; Y; Q;","H  35   ; H  99   ; L  36   ; L  89   ;","A  83   ; A 117   ; A 113   ; A 149   ;","none; none; none; none","1.45 A","./target.php?radio=27363731750056094|rlfe|83:A or 117:A or 113:A or 149:A|-0.0690,0.9705,0.2311,1.631,-0.8978,-0.1614,0.4097,-54.364,0.4349,-0.1792,0.8824,3.299,0.0,0.0,0.0,1.0&db=afhuman&afid=O60513"
"Q9UPN3","MICROTUBULE-ACTIN CROSS-LINKING FACTOR 1, ISOFORMS","Y; E; Y; Q;","H  35   ; H  99   ; L  36   ; L  89   ;","A 950   ; A 783   ; A 957   ; A 862   ;","none; none; none; none","1.46 A","./target.php?radio=27363731750056094|foco|950:A or 783:A or 957:A or 862:A|-0.2433,0.9267,-0.2864,-20.393,0.4731,-0.1444,-0.8691,-21.629,-0.8467,-0.3470,-0.4033,-6.563,0.0,0.0,0.0,1.0&db=afhuman&afid=Q9UPN3"
"P48052","CARBOXYPEPTIDASE A2","Y; E; Y; Q;","H  35   ; H  99   ; L  36   ; L  89   ;","A 123   ; A 102   ; A 226   ; A 186   ;","none; none; none; none","1.47 A","./target.php?radio=27363731750056094|vojt|123:A or 102:A or 226:A or 186:A|-0.7874,0.6009,-0.1378,8.837,0.5503,0.7858,0.2824,-41.500,0.2779,0.1465,-0.9494,18.785,0.0,0.0,0.0,1.0&db=afhuman&afid=P48052"
"Q96AY4","TETRATRICOPEPTIDE REPEAT PROTEIN 28","Y; E; Y; Q;","H  35   ; H  99   ; L  36   ; L  89   ;","A 887   ; A 858   ; A 880   ; A 902   ;","none; none; none; none","1.47 A","./target.php?radio=27363731750056094|utuv|887:A or 858:A or 880:A or 902:A|-0.7976,-0.5959,-0.0934,-7.854,-0.5703,0.6946,0.4385,-56.461,-0.1965,0.4030,-0.8939,14.761,0.0,0.0,0.0,1.0&db=afhuman&afid=Q96AY4"
"A2RU49","HYDROXYLYSINE KINASE","Y; E; Y; Q;","H  35   ; H  99   ; L  36   ; L  89   ;","A 259   ; A 220   ; A 262   ; A 159   ;","none; none; none; none","1.51 A","./target.php?radio=27363731750056094|wkhw|259:A or 220:A or 262:A or 159:A|0.8758,-0.4824,-0.0172,-4.663,0.4736,0.8656,-0.1625,-38.830,0.0933,0.1342,0.9866,3.037,0.0,0.0,0.0,1.0&db=afhuman&afid=A2RU49"
"A8K2U0","ALPHA-2-MACROGLOBULIN-LIKE PROTEIN 1","Y; E; Y; Q;","H  35   ; H  99   ; L  36   ; L  89   ;","A1436   ; A1368   ; A1404   ; A 973   ;","none; none; none; none","1.52 A","./target.php?radio=27363731750056094|jfsu|1436:A or 1368:A or 1404:A or 973:A|0.2152,-0.8310,0.5129,4.974,-0.9744,-0.2176,0.0562,-60.464,0.0649,-0.5119,-0.8566,36.570,0.0,0.0,0.0,1.0&db=afhuman&afid=A8K2U0"
"Q9UPN3","MICROTUBULE-ACTIN CROSS-LINKING FACTOR 1, ISOFORMS","Y; E; Y; Q;","H  35   ; H  99   ; L  36   ; L  89   ;","A 550   ; A 383   ; A 557   ; A 462   ;","none; none; none; none","1.52 A","./target.php?radio=27363731750056094|vnpj|550:A or 383:A or 557:A or 462:A|0.1847,-0.8938,0.4087,-5.691,0.9601,0.0752,-0.2695,-30.569,0.2101,0.4421,0.8720,16.675,0.0,0.0,0.0,1.0&db=afhuman&afid=Q9UPN3"
"Q9UPN3","MICROTUBULE-ACTIN CROSS-LINKING FACTOR 1, ISOFORMS","Y; E; Y; Q;","H  35   ; H  99   ; L  36   ; L  89   ;","A1350   ; A1183   ; A1357   ; A1262   ;","none; none; none; none","1.52 A","./target.php?radio=27363731750056094|ijoq|1350:A or 1183:A or 1357:A or 1262:A|0.5451,0.4790,0.6881,-14.287,0.1737,0.7384,-0.6516,-43.217,-0.8202,0.4747,0.3192,-0.745,0.0,0.0,0.0,1.0&db=afhuman&afid=Q9UPN3"
"Q9UPN3","MICROTUBULE-ACTIN CROSS-LINKING FACTOR 1, ISOFORMS","Y; E; Y; Q;","H  35   ; H  99   ; L  36   ; L  89   ;","A1150   ; A 983   ; A1157   ; A1062   ;","none; none; none; none","1.53 A","./target.php?radio=27363731750056094|ixuz|1150:A or 983:A or 1157:A or 1062:A|0.7074,-0.5479,0.4465,-6.410,0.6828,0.6931,-0.2311,-36.379,-0.1829,0.4684,0.8644,-5.350,0.0,0.0,0.0,1.0&db=afhuman&afid=Q9UPN3"
"Q9UPN3","MICROTUBULE-ACTIN CROSS-LINKING FACTOR 1, ISOFORMS","Y; E; Y; Q;","H  35   ; H  99   ; L  36   ; L  89   ;","A 750   ; A 583   ; A 757   ; A 662   ;","none; none; none; none","1.53 A","./target.php?radio=27363731750056094|hwkh|750:A or 583:A or 757:A or 662:A|-0.7123,0.6923,-0.1156,-44.851,0.0745,-0.0892,-0.9932,-8.966,-0.6980,-0.7160,0.0120,-19.844,0.0,0.0,0.0,1.0&db=afhuman&afid=Q9UPN3"
"P52566","RHO GDP-DISSOCIATION INHIBITOR 2","Y; E; Y; Q;","H  35   ; H  99   ; L  36   ; L  89   ;","A 107   ; A 160   ; A 125   ; A 127   ;","none; none; none; none","1.55 A","./target.php?radio=27363731750056094|yxpj|107:A or 160:A or 125:A or 127:A|0.0342,-0.0696,-0.9970,-1.855,0.9409,0.3386,0.0086,-43.125,0.3370,-0.9383,0.0770,19.058,0.0,0.0,0.0,1.0&db=afhuman&afid=P52566"
"Q03001","DYSTONIN","Y; E; Y; Q;","H  35   ; H  99   ; L  36   ; L  89   ;","A 765   ; A 598   ; A 772   ; A 677   ;","none; none; none; none","1.56 A","./target.php?radio=27363731750056094|ggbk|765:A or 598:A or 772:A or 677:A|-0.6676,0.5062,-0.5459,-15.511,0.3277,-0.4586,-0.8260,-31.378,-0.6685,-0.7303,0.1403,-8.007,0.0,0.0,0.0,1.0&db=afhuman&afid=Q03001"
"P14410","SUCRASE-ISOMALTASE, INTESTINAL","Y; E; Y; Q;","H  35   ; H  99   ; L  36   ; L  89   ;","A1035   ; A1043   ; A1195   ; A1031   ;","none; none; none; none","1.57 A","./target.php?radio=27363731750056094|arba|1035:A or 1043:A or 1195:A or 1031:A|-0.9025,0.1864,-0.3882,22.761,0.4040,0.0545,-0.9131,-53.861,-0.1491,-0.9810,-0.1245,-2.236,0.0,0.0,0.0,1.0&db=afhuman&afid=P14410"
"P01031","COMPLEMENT C5","Y; E; Y; Q;","H  35   ; H  99   ; L  36   ; L  89   ;","A1059   ; A1011   ; A1498   ; A1463   ;","none; none; none; none","1.59 A","./target.php?radio=27363731750056094|thgs|1059:A or 1011:A or 1498:A or 1463:A|0.5776,-0.8062,0.1283,12.849,0.6488,0.3580,-0.6715,-24.559,0.4954,0.4711,0.7298,28.165,0.0,0.0,0.0,1.0&db=afhuman&afid=P01031"
"Q2M2H8","PROBABLE MALTASE-GLUCOAMYLASE 2","Y; E; Y; Q;","H  35   ; H  99   ; L  36   ; L  89   ;","A1011   ; A1019   ; A1171   ; A1007   ;","none; none; none; none","1.61 A","./target.php?radio=27363731750056094|hgyj|1011:A or 1019:A or 1171:A or 1007:A|-0.9799,-0.0568,-0.1913,6.820,-0.1797,0.6675,0.7226,-34.026,0.0867,0.7425,-0.6642,-3.293,0.0,0.0,0.0,1.0&db=afhuman&afid=Q2M2H8"
"Q63HN8","E3 UBIQUITIN-PROTEIN LIGASE RNF213","Y; E; Y; Q;","H  35   ; H  99   ; L  36   ; L  89   ;","A  83   ; A  19   ; A  75   ; A  80   ;","none; none; none; none","1.62 A","./target.php?radio=27363731750056094|wgiv|83:A or 19:A or 75:A or 80:A|0.7674,0.6397,0.0440,-27.428,-0.0119,-0.0543,0.9985,-73.334,0.6411,-0.7667,-0.0341,-58.396,0.0,0.0,0.0,1.0&db=afhuman&afid=Q63HN8"
"Q6UWU2","BETA-GALACTOSIDASE-1-LIKE PROTEIN","Y; E; Y; Q;","H  35   ; H  99   ; L  36   ; L  89   ;","A 266   ; A 186   ; A  81   ; A  79   ;","none; none; none; none","1.62 A","./target.php?radio=27363731750056094|kgdm|266:A or 186:A or 81:A or 79:A|-0.7869,-0.3576,0.5029,-6.839,0.6041,-0.6131,0.5091,-39.901,0.1263,0.7044,0.6985,11.588,0.0,0.0,0.0,1.0&db=afhuman&afid=Q6UWU2"
"Q9P1W3","CALCIUM PERMEABLE STRESS-GATED CATION CHANNEL 1","Y; E; Y; Q;","H  35   ; H  99   ; L  36   ; L  89   ;","A 627   ; A 560   ; A 132   ; A 136   ;","none; none; none; none","1.63 A","./target.php?radio=27363731750056094|eufk|627:A or 560:A or 132:A or 136:A|-0.7655,0.6430,0.0246,-8.008,-0.1843,-0.2557,0.9490,-41.393,0.6165,0.7219,0.3143,13.506,0.0,0.0,0.0,1.0&db=afhuman&afid=Q9P1W3"
"Q03001","DYSTONIN","Y; E; Y; Q;","H  35   ; H  99   ; L  36   ; L  89   ;","A1165   ; A 998   ; A1172   ; A1077   ;","none; none; none; none","1.64 A","./target.php?radio=27363731750056094|ebop|1165:A or 998:A or 1172:A or 1077:A|-0.5567,0.1409,-0.8187,-3.133,-0.7867,0.2273,0.5740,-153.348,0.2669,0.9636,-0.0157,65.624,0.0,0.0,0.0,1.0&db=afhuman&afid=Q03001"
"Q03001","DYSTONIN","Y; E; Y; Q;","H  35   ; H  99   ; L  36   ; L  89   ;","A1365   ; A1198   ; A1372   ; A1277   ;","none; none; none; none","1.65 A","./target.php?radio=27363731750056094|zrpg|1365:A or 1198:A or 1372:A or 1277:A|-0.1636,0.9856,-0.0421,11.188,-0.6575,-0.0771,0.7495,-169.161,0.7355,0.1503,0.6607,95.278,0.0,0.0,0.0,1.0&db=afhuman&afid=Q03001"
"Q8NCM8","CYTOPLASMIC DYNEIN 2 HEAVY CHAIN 1","Y; E; Y; Q;","H  35   ; H  99   ; L  36   ; L  89   ;","A1190   ; A1186   ; A1134   ; A1138   ;","none; none; none; none","1.65 A","./target.php?radio=27363731750056094|mcyr|1190:A or 1186:A or 1134:A or 1138:A|0.5355,-0.0555,-0.8427,18.670,-0.5881,-0.7407,-0.3250,-23.121,-0.6061,0.6696,-0.4293,-22.253,0.0,0.0,0.0,1.0&db=afhuman&afid=Q8NCM8"
"Q9P0V3","SH3 DOMAIN-BINDING PROTEIN 4","Y; E; Y; Q;","H  35   ; H  99   ; L  36   ; L  89   ;","A 245   ; A 249   ; A 753   ; A 821   ;","none; none; none; none","1.65 A","./target.php?radio=27363731750056094|suvq|245:A or 249:A or 753:A or 821:A|-0.6167,0.0208,0.7869,-7.757,0.1805,-0.9693,0.1670,-57.484,0.7662,0.2450,0.5940,15.564,0.0,0.0,0.0,1.0&db=afhuman&afid=Q9P0V3"
"O14678","LYSOSOMAL COBALAMIN TRANSPORTER ABCD4","Y; E; Y; Q;","H  35   ; H  99   ; L  36   ; L  89   ;","A 108   ; A 151   ; A 340   ; A 156   ;","none; none; none; none","1.68 A","./target.php?radio=27363731750056094|xjjg|108:A or 151:A or 340:A or 156:A|0.8033,-0.1554,-0.5749,-4.635,0.5933,0.2922,0.7500,-34.544,0.0514,-0.9437,0.3269,22.265,0.0,0.0,0.0,1.0&db=afhuman&afid=O14678"
"P52565","RHO GDP-DISSOCIATION INHIBITOR 1","Y; E; Y; Q;","H  35   ; H  99   ; L  36   ; L  89   ;","A 110   ; A 163   ; A 128   ; A 130   ;","none; none; none; none","1.68 A","./target.php?radio=27363731750056094|vjnn|110:A or 163:A or 128:A or 130:A|0.7328,0.6328,-0.2503,2.188,0.2157,-0.5649,-0.7965,-44.878,-0.6454,0.5296,-0.5504,10.248,0.0,0.0,0.0,1.0&db=afhuman&afid=P52565"
"O43166","SIGNAL-INDUCED PROLIFERATION-ASSOCIATED 1-LIKE PROT","Y; E; Y; Q;","H  35   ; H  99   ; L  36   ; L  89   ;","A 680   ; A 792   ; A 657   ; A 610   ;","none; none; none; none","1.69 A","./target.php?radio=27363731750056094|bzfw|680:A or 792:A or 657:A or 610:A|-0.3657,-0.8808,0.3008,6.770,-0.5210,0.4615,0.7180,-26.035,-0.7712,0.1058,-0.6277,16.341,0.0,0.0,0.0,1.0&db=afhuman&afid=O43166"
"Q03001","DYSTONIN","Y; E; Y; Q;","H  35   ; H  99   ; L  36   ; L  89   ;","A 965   ; A 798   ; A 972   ; A 877   ;","none; none; none; none","1.71 A","./target.php?radio=27363731750056094|cazn|965:A or 798:A or 972:A or 877:A|0.7037,0.3502,0.6182,3.572,0.3707,0.5613,-0.7399,-140.008,-0.6061,0.7499,0.2652,72.738,0.0,0.0,0.0,1.0&db=afhuman&afid=Q03001"
"Q92817","ENVOPLAKIN","Y; E; Y; Q;","H  35   ; H  99   ; L  36   ; L  89   ;","A 821   ; A 658   ; A 828   ; A 737   ;","none; none; none; none","1.71 A","./target.php?radio=27363731750056094|voio|821:A or 658:A or 828:A or 737:A|-0.7367,0.4733,-0.4830,15.841,-0.2908,0.4231,0.8581,-68.307,0.6105,0.7726,-0.1741,22.796,0.0,0.0,0.0,1.0&db=afhuman&afid=Q92817"
"Q9UBQ0","VACUOLAR PROTEIN SORTING-ASSOCIATED PROTEIN 29","Y; E; Y; Q;","H  35   ; H  99   ; L  36   ; L  89   ;","A 179   ; A 123   ; A 129   ; A 103   ;","none; none; none; none","1.73 A","./target.php?radio=27363731750056094|igpb|179:A or 123:A or 129:A or 103:A|-0.9978,-0.0449,0.0481,-5.655,0.0653,-0.5832,0.8097,-40.856,-0.0083,0.8111,0.5849,2.922,0.0,0.0,0.0,1.0&db=afhuman&afid=Q9UBQ0"
"Q86SH2","ZYGOTE ARREST PROTEIN 1","Y; E; Y; Q;","H  35   ; H  99   ; L  36   ; L  89   ;","A 327   ; A 340   ; A 330   ; A 357   ;","none; none; none; none","1.74 A","./target.php?radio=27363731750056094|aofo|327:A or 340:A or 330:A or 357:A|0.5222,-0.5175,0.6779,15.147,-0.8455,-0.2098,0.4911,-43.486,-0.1119,-0.8296,-0.5471,15.135,0.0,0.0,0.0,1.0&db=afhuman&afid=Q86SH2"
"P51161","GASTROTROPIN","Y; E; Y; Q;","H  35   ; H  99   ; L  36   ; L  89   ;","A 120   ; A  12   ; A  54   ; A  52   ;","none; none; none; none","1.75 A","./target.php?radio=27363731750056094|pewl|120:A or 12:A or 54:A or 52:A|-0.5860,-0.1817,0.7897,9.039,0.5047,0.6805,0.5311,-39.667,-0.6339,0.7098,-0.3071,11.239,0.0,0.0,0.0,1.0&db=afhuman&afid=P51161"
"A0A087WUL8","NEUROBLASTOMA BREAKPOINT FAMILY MEMBER 19","Y; E; Y; Q;","H  35   ; H  99   ; L  36   ; L  89   ;","A1137   ; A1135   ; A 467   ; A 466   ;","none; none; none; none","1.75 A","./target.php?radio=27363731750056094|gdem|1137:A or 1135:A or 467:A or 466:A|0.5770,0.7870,0.2184,-17.018,-0.7899,0.4697,0.3941,-85.776,0.2076,-0.4000,0.8927,-24.395,0.0,0.0,0.0,1.0&db=afhuman&afid=A0A087WUL8"
"Q05397","FOCAL ADHESION KINASE 1","Y; E; Y; Q;","H  35   ; H  99   ; L  36   ; L  89   ;","A 570   ; A 572   ; A 407   ; A 470   ;","none; none; none; none","1.79 A","./target.php?radio=27363731750056094|adyj|570:A or 572:A or 407:A or 470:A|-0.5353,0.8261,0.1762,12.712,0.4351,0.0908,0.8958,-41.412,0.7240,0.5562,-0.4080,33.210,0.0,0.0,0.0,1.0&db=afhuman&afid=Q05397"
"Q6P1Q9","TRNA N(3)-METHYLCYTIDINE METHYLTRANSFERASE METTL2B","Y; E; Y; Q;","H  35   ; H  99   ; L  36   ; L  89   ;","A 323   ; A 329   ; A 296   ; A 300   ;","none; none; none; none","1.79 A","./target.php?radio=27363731750056094|zfso|323:A or 329:A or 296:A or 300:A|-0.1407,-0.8131,0.5649,3.866,0.9531,-0.2657,-0.1451,-27.018,0.2681,0.5180,0.8123,7.719,0.0,0.0,0.0,1.0&db=afhuman&afid=Q6P1Q9"
"O00159","UNCONVENTIONAL MYOSIN-IC","Y; E; Y; Q;","H  35   ; H  99   ; L  36   ; L  89   ;","A 264   ; A 258   ; A 337   ; A 334   ;","none; none; none; none","1.80 A","./target.php?radio=27363731750056094|knvs|264:A or 258:A or 337:A or 334:A|-0.1515,-0.1025,-0.9831,-4.126,-0.9782,0.1588,0.1341,-7.244,0.1424,0.9820,-0.1243,-13.262,0.0,0.0,0.0,1.0&db=afhuman&afid=O00159"
"Q9ULE6","PALADIN","Y; E; Y; Q;","H  35   ; H  99   ; L  36   ; L  89   ;","A 461   ; A 279   ; A 838   ; A 841   ;","none; none; none; none","1.80 A","./target.php?radio=27363731750056094|pwmk|461:A or 279:A or 838:A or 841:A|0.1977,-0.1961,0.9605,5.390,-0.2693,-0.9529,-0.1391,-40.701,0.9425,-0.2312,-0.2412,16.601,0.0,0.0,0.0,1.0&db=afhuman&afid=Q9ULE6"
"Q9BZE1","39S RIBOSOMAL PROTEIN L37, MITOCHONDRIAL","Y; E; Y; Q;","H  35   ; H  99   ; L  36   ; L  89   ;","A 105   ; A 267   ; A 271   ; A 102   ;","none; none; none; none","1.80 A","./target.php?radio=27363731750056094|hbzy|105:A or 267:A or 271:A or 102:A|-0.6288,-0.2591,-0.7332,-7.199,-0.3548,0.9346,-0.0259,-37.225,0.6919,0.2438,-0.6795,1.305,0.0,0.0,0.0,1.0&db=afhuman&afid=Q9BZE1"
"Q96IZ6","TRNA N(3)-METHYLCYTIDINE METHYLTRANSFERASE METTL2A","Y; E; Y; Q;","H  35   ; H  99   ; L  36   ; L  89   ;","A 323   ; A 329   ; A 296   ; A 300   ;","none; none; none; none","1.80 A","./target.php?radio=27363731750056094|aisd|323:A or 329:A or 296:A or 300:A|-0.0308,-0.7185,0.6948,4.556,0.9936,-0.0978,-0.0571,-27.100,0.1090,0.6886,0.7169,6.308,0.0,0.0,0.0,1.0&db=afhuman&afid=Q96IZ6"
"Q9H1H9","KINESIN-LIKE PROTEIN KIF13A","Y; E; Y; Q;","H  35   ; H  99   ; L  36   ; L  89   ;","A1086   ; A1170   ; A1251   ; A1067   ;","none; none; none; none","1.80 A","./target.php?radio=27363731750056094|peaa|1086:A or 1170:A or 1251:A or 1067:A|-0.0057,-0.9976,-0.0689,-13.833,-0.7736,-0.0392,0.6325,-13.492,-0.6337,0.0569,-0.7715,-13.351,0.0,0.0,0.0,1.0&db=afhuman&afid=Q9H1H9"