"Matches found in filtered_7qt3(AlphaFold)","Description","Residues","Query","Database Hits","Heteroatoms Notes in Database hit","RMSD","Viewer"
"Q7Z5L7","PODOCAN","E; S; Y; E; Y;","A  99   ; B  50   ; B  55   ; C  99   ; C 106   ;","A  44   ; A 296   ; A 268   ; A 115   ; A 112   ;","none; none; none; none; none","1.28 A","./target.php?radio=27363731750055693|wlnu|44:A or 296:A or 268:A or 115:A or 112:A|0.4820,-0.5684,-0.6668,-31.818,0.5657,0.7830,-0.2587,20.518,0.6691,-0.2525,0.6989,15.164,0.0,0.0,0.0,1.0&db=afhuman&afid=Q7Z5L7"
"P21817","RYANODINE RECEPTOR 1","S; Q; Y; Y; Y;","B  50   ; B  89   ; C 106   ; D  36   ; D  55   ;","A1114   ; A1004   ; A 409   ; A 503   ; A 406   ;","none; none; none; none; none","1.28 A","./target.php?radio=27363731750055693|symc|1114:A or 1004:A or 409:A or 503:A or 406:A|-0.6979,0.0680,0.7129,-38.489,0.3156,-0.8644,0.3914,5.688,0.6429,0.4982,0.5818,14.602,0.0,0.0,0.0,1.0&db=afhuman&afid=P21817"
"Q8TE73","DYNEIN HEAVY CHAIN 5, AXONEMAL","Y; S; Q; E; Y;","B  36   ; B  50   ; B  89   ; C  99   ; C 106   ;","A 882   ; A1039   ; A 846   ; A1248   ; A1244   ;","none; none; none; none; none","1.32 A","./target.php?radio=27363731750055693|vmjr|882:A or 1039:A or 846:A or 1248:A or 1244:A|-0.9095,-0.1809,0.3742,-27.566,0.2548,0.4684,0.8460,29.906,-0.3283,0.8648,-0.3799,-9.905,0.0,0.0,0.0,1.0&db=afhuman&afid=Q8TE73"
"P49642","DNA PRIMASE SMALL SUBUNIT","E; Q; E; Y; Y;","A  99   ; B  89   ; C  99   ; C 106   ; D  55   ;","A 295   ; A 280   ; A  44   ; A  57   ; A  84   ;","none; none; none; none; none","1.33 A","./target.php?radio=27363731750055693|qsbh|295:A or 280:A or 44:A or 57:A or 84:A|-0.2700,-0.3192,0.9084,-62.067,-0.7191,0.6942,0.0302,9.005,-0.6403,-0.6451,-0.4169,2.372,0.0,0.0,0.0,1.0&db=afhuman&afid=P49642"
"P21817","RYANODINE RECEPTOR 1","S; Q; Y; Y; Y;","B  50   ; B  89   ; C 106   ; D  36   ; D  55   ;","A1314   ; A1204   ; A 609   ; A 703   ; A 606   ;","none; none; none; none; none","1.34 A","./target.php?radio=27363731750055693|ptuq|1314:A or 1204:A or 609:A or 703:A or 606:A|-0.6717,-0.3056,0.6748,-45.575,0.0390,0.8951,0.4441,-1.854,-0.7398,0.3247,-0.5894,1.858,0.0,0.0,0.0,1.0&db=afhuman&afid=P21817"
"Q96JB1","DYNEIN HEAVY CHAIN 8, AXONEMAL","Y; S; Q; E; Y;","B  36   ; B  50   ; B  89   ; C  99   ; C 106   ;","A 947   ; A1104   ; A 911   ; A1313   ; A1309   ;","none; none; none; none; none","1.35 A","./target.php?radio=27363731750055693|zqqr|947:A or 1104:A or 911:A or 1313:A or 1309:A|-0.6403,-0.7621,0.0964,-26.259,-0.5678,0.5540,0.6088,26.152,-0.5174,0.3351,-0.7874,-3.324,0.0,0.0,0.0,1.0&db=afhuman&afid=Q96JB1"
"P40818","UBIQUITIN CARBOXYL-TERMINAL HYDROLASE 8","E; Y; S; Q; E;","A  99   ; B  36   ; B  50   ; B  89   ; C  99   ;","A 829   ; A 810   ; A 758   ; A 811   ; A 179   ;","none; none; none; none; none","1.36 A","./target.php?radio=27363731750055693|oucv|829:A or 810:A or 758:A or 811:A or 179:A|-0.8675,-0.4866,0.1028,-55.258,0.4905,-0.8713,0.0143,12.362,0.0827,0.0628,0.9946,4.457,0.0,0.0,0.0,1.0&db=afhuman&afid=P40818"
"Q14CB8","RHO GTPASE-ACTIVATING PROTEIN 19","E; S; Y; Q; Q;","A  99   ; B  50   ; B  55   ; B  89   ; D  89   ;","A  52   ; A 330   ; A 322   ; A 328   ; A 224   ;","none; none; none; none; none","1.36 A","./target.php?radio=27363731750055693|gycr|52:A or 330:A or 322:A or 328:A or 224:A|0.1289,0.0617,0.9897,-63.660,0.8158,-0.5741,-0.0705,22.627,0.5638,0.8165,-0.1243,17.364,0.0,0.0,0.0,1.0&db=afhuman&afid=Q14CB8"
"P40818","UBIQUITIN CARBOXYL-TERMINAL HYDROLASE 8","E; Y; Y; Y; Q;","A  99   ; C 106   ; D  36   ; D  55   ; D  89   ;","A 896   ; A 787   ; A1102   ; A1068   ; A 870   ;","none; none; none; none; none","1.39 A","./target.php?radio=27363731750055693|oucv|896:A or 787:A or 1102:A or 1068:A or 870:A|-0.6469,-0.2966,-0.7025,-71.876,0.6913,-0.6169,-0.3761,9.222,-0.3218,-0.7290,0.6042,17.484,0.0,0.0,0.0,1.0&db=afhuman&afid=P40818"
"Q96QP1","ALPHA-PROTEIN KINASE 1","E; S; Y; Y; Q;","A  99   ; B  50   ; B  55   ; D  55   ; D  89   ;","A1137   ; A 504   ; A1152   ; A 224   ; A 202   ;","none; none; none; none; none","1.39 A","./target.php?radio=27363731750055693|nzjn|1137:A or 504:A or 1152:A or 224:A or 202:A|-0.1886,-0.4615,-0.8669,-67.940,0.2728,-0.8726,0.4052,11.889,-0.9434,-0.1601,0.2904,2.550,0.0,0.0,0.0,1.0&db=afhuman&afid=Q96QP1"
"Q8TD57","DYNEIN HEAVY CHAIN 3, AXONEMAL","Y; S; Y; Q; E;","B  36   ; B  50   ; B  55   ; B  89   ; C  99   ;","A1391   ; A1290   ; A1373   ; A1284   ; A 253   ;","none; none; none; none; none","1.40 A","./target.php?radio=27363731750055693|fdft|1391:A or 1290:A or 1373:A or 1284:A or 253:A|0.8883,0.1979,0.4144,-63.821,-0.1695,-0.6974,0.6963,47.386,0.4268,-0.6888,-0.5860,-21.393,0.0,0.0,0.0,1.0&db=afhuman&afid=Q8TD57"
"Q96LA5","FC RECEPTOR-LIKE PROTEIN 2","E; S; Q; Y; Q;","A  99   ; B  50   ; B  89   ; C 106   ; D  89   ;","A 259   ; A 227   ; A 253   ; A 335   ; A 377   ;","none; none; none; none; none","1.42 A","./target.php?radio=27363731750055693|lany|259:A or 227:A or 253:A or 335:A or 377:A|0.7612,-0.4415,-0.4751,-21.782,0.2933,0.8877,-0.3549,21.738,0.5785,0.1308,0.8052,16.441,0.0,0.0,0.0,1.0&db=afhuman&afid=Q96LA5"
"P08519","APOLIPOPROTEIN(A)","Y; S; E; Y; Y;","B  36   ; B  50   ; C  99   ; C 106   ; D  55   ;","A 773   ; A 873   ; A  49   ; A  62   ; A  58   ;","none; none; none; none; none","1.43 A","./target.php?radio=27363731750055693|bdtr|773:A or 873:A or 49:A or 62:A or 58:A|0.4884,0.4091,0.7708,-34.964,0.8629,-0.3574,-0.3572,-10.610,0.1294,0.8396,-0.5276,20.383,0.0,0.0,0.0,1.0&db=afhuman&afid=P08519"
"P08519","APOLIPOPROTEIN(A)","Y; Y; E; Y; Y;","B  36   ; B  55   ; C  99   ; C 106   ; D  55   ;","A1117   ; A1116   ; A  51   ; A  64   ; A  60   ;","none; none; none; none; none","1.43 A","./target.php?radio=27363731750055693|jkea|1117:A or 1116:A or 51:A or 64:A or 60:A|-0.2504,0.9237,0.2901,-43.271,0.5954,0.3831,-0.7062,-23.269,-0.7634,-0.0041,-0.6459,18.302,0.0,0.0,0.0,1.0&db=afhuman&afid=P08519"
"P23276","KELL BLOOD GROUP GLYCOPROTEIN","E; Y; S; Q; Q;","A  99   ; B  36   ; B  50   ; B  89   ; D  89   ;","A 419   ; A 495   ; A 522   ; A 493   ; A 390   ;","none; none; none; none; none","1.43 A","./target.php?radio=27363731750055693|vmnf|419:A or 495:A or 522:A or 493:A or 390:A|0.1128,-0.8435,0.5252,-49.725,0.7621,-0.2657,-0.5904,21.033,0.6375,0.4669,0.6128,16.711,0.0,0.0,0.0,1.0&db=afhuman&afid=P23276"
"Q7Z5L7","PODOCAN","E; Y; S; E; Y;","A  99   ; B  36   ; B  50   ; C  99   ; C 106   ;","A  44   ; A 292   ; A 297   ; A 115   ; A 112   ;","none; none; none; none; none","1.44 A","./target.php?radio=27363731750055693|wlnu|44:A or 292:A or 297:A or 115:A or 112:A|0.5686,-0.5701,-0.5930,-31.481,0.4522,0.8188,-0.3537,20.076,0.6872,-0.0670,0.7234,12.727,0.0,0.0,0.0,1.0&db=afhuman&afid=Q7Z5L7"
"Q63HN8","E3 UBIQUITIN-PROTEIN LIGASE RNF213","E; S; Q; E; Y;","A  99   ; B  50   ; B  89   ; C  99   ; D  55   ;","A1312   ; A1319   ; A1329   ; A 821   ; A 966   ;","none; none; none; none; none","1.44 A","./target.php?radio=27363731750055693|kxwf|1312:A or 1319:A or 1329:A or 821:A or 966:A|-0.3020,0.9451,-0.1249,-80.264,0.7979,0.1789,-0.5756,-17.906,-0.5216,-0.2735,-0.8081,20.522,0.0,0.0,0.0,1.0&db=afhuman&afid=Q63HN8"
"Q5R372","RAB GTPASE-ACTIVATING PROTEIN 1-LIKE","E; Y; Q; Y; Q;","A  99   ; B  55   ; B  89   ; D  55   ; D  89   ;","A 792   ; A 668   ; A 675   ; A 136   ; A 228   ;","none; none; none; none; none","1.44 A","./target.php?radio=27363731750055693|aysf|792:A or 668:A or 675:A or 136:A or 228:A|0.7774,-0.5490,-0.3070,-20.655,-0.6290,-0.6734,-0.3885,1.193,0.0066,0.4951,-0.8688,31.169,0.0,0.0,0.0,1.0&db=afhuman&afid=Q5R372"
"Q86XX4","EXTRACELLULAR MATRIX ORGANIZING PROTEIN FRAS1","Y; S; Q; E; Y;","B  36   ; B  50   ; B  89   ; C  99   ; C 106   ;","A 503   ; A 471   ; A 531   ; A 774   ; A 754   ;","none; none; none; none; none","1.47 A","./target.php?radio=27363731750055693|vbyd|503:A or 471:A or 531:A or 774:A or 754:A|-0.8108,0.0233,0.5849,-23.054,0.5598,-0.2612,0.7864,8.295,0.1710,0.9650,0.1987,18.713,0.0,0.0,0.0,1.0&db=afhuman&afid=Q86XX4"
"O94855","PROTEIN TRANSPORT PROTEIN SEC24D","E; Y; Q; E; Y;","A  99   ; B  55   ; B  89   ; C  99   ; C 106   ;","A 423   ; A 751   ; A 757   ; A1006   ; A1016   ;","none; none; none; none; none","1.48 A","./target.php?radio=27363731750055693|cfum|423:A or 751:A or 757:A or 1006:A or 1016:A|-0.5872,0.8014,-0.1141,-57.062,0.8091,0.5852,-0.0540,7.679,0.0235,-0.1241,-0.9920,10.714,0.0,0.0,0.0,1.0&db=afhuman&afid=O94855"
"Q8NFZ0","F-BOX DNA HELICASE 1","E; Y; S; E; Y;","A  99   ; B  36   ; B  50   ; C  99   ; D  36   ;","A 707   ; A 407   ; A 356   ; A 849   ; A 843   ;","none; none; none; none; none","1.48 A","./target.php?radio=27363731750055693|vphu|707:A or 407:A or 356:A or 849:A or 843:A|0.9525,-0.2551,-0.1662,-43.733,-0.2431,-0.3085,-0.9196,11.182,0.1833,0.9164,-0.3559,2.655,0.0,0.0,0.0,1.0&db=afhuman&afid=Q8NFZ0"
"P53992","PROTEIN TRANSPORT PROTEIN SEC24C","E; Y; Q; Y; Y;","A  99   ; B  55   ; B  89   ; D  36   ; D  55   ;","A 485   ; A 813   ; A 819   ; A 948   ; A1078   ;","none; none; none; none; none","1.49 A","./target.php?radio=27363731750055693|zqhi|485:A or 813:A or 819:A or 948:A or 1078:A|-0.1266,0.9611,0.2454,-51.326,0.9606,0.1806,-0.2115,5.803,-0.2476,0.2089,-0.9461,9.022,0.0,0.0,0.0,1.0&db=afhuman&afid=P53992"
"P53992","PROTEIN TRANSPORT PROTEIN SEC24C","E; Y; Q; E; Y;","A  99   ; B  55   ; B  89   ; C  99   ; C 106   ;","A 485   ; A 813   ; A 819   ; A1068   ; A1078   ;","none; none; none; none; none","1.50 A","./target.php?radio=27363731750055693|zqhi|485:A or 813:A or 819:A or 1068:A or 1078:A|0.0077,0.9975,0.0703,-53.484,0.9979,-0.0031,-0.0647,9.080,-0.0643,0.0707,-0.9954,9.870,0.0,0.0,0.0,1.0&db=afhuman&afid=P53992"
"Q96N67","DEDICATOR OF CYTOKINESIS PROTEIN 7","Y; S; Q; E; Q;","B  36   ; B  50   ; B  89   ; C  99   ; D  89   ;","A1768   ; A1603   ; A1692   ; A1175   ; A1355   ;","none; none; none; none; none","1.50 A","./target.php?radio=27363731750055693|myfp|1768:A or 1603:A or 1692:A or 1175:A or 1355:A|-0.8792,0.2954,0.3737,-74.748,0.3261,0.9451,0.0203,36.589,-0.3472,0.1397,-0.9273,33.651,0.0,0.0,0.0,1.0&db=afhuman&afid=Q96N67"
"A6NKT7","RANBP2-LIKE AND GRIP DOMAIN-CONTAINING PROTEIN 3","E; Y; Y; Q; Q;","A  99   ; B  36   ; B  55   ; B  89   ; D  89   ;","A   9   ; A  48   ; A  36   ; A  16   ; A 950   ;","none; none; none; none; none","1.50 A","./target.php?radio=27363731750055693|hojz|9:A or 48:A or 36:A or 16:A or 950:A|-0.2023,-0.5570,-0.8055,-36.790,0.5625,-0.7394,0.3700,-24.224,-0.8017,-0.3783,0.4629,52.022,0.0,0.0,0.0,1.0&db=afhuman&afid=A6NKT7"
"P09848","LACTASE-PHLORIZIN HYDROLASE","S; Y; Q; E; Y;","B  50   ; B  55   ; B  89   ; C  99   ; D  55   ;","A1753   ; A1683   ; A1391   ; A 398   ; A 477   ;","none; none; none; none; none","1.50 A","./target.php?radio=27363731750055693|wqat|1753:A or 1683:A or 1391:A or 398:A or 477:A|-0.5340,-0.8455,0.0081,-58.072,-0.5391,0.3331,-0.7736,9.405,0.6513,-0.4174,-0.6337,33.583,0.0,0.0,0.0,1.0&db=afhuman&afid=P09848"
"O94855","PROTEIN TRANSPORT PROTEIN SEC24D","E; Y; Q; Y; Y;","A  99   ; B  55   ; B  89   ; D  36   ; D  55   ;","A 423   ; A 751   ; A 757   ; A 886   ; A1016   ;","none; none; none; none; none","1.50 A","./target.php?radio=27363731750055693|cfum|423:A or 751:A or 757:A or 886:A or 1016:A|-0.6942,0.7168,0.0660,-54.712,0.6863,0.6867,-0.2397,3.923,-0.2171,-0.1211,-0.9686,9.660,0.0,0.0,0.0,1.0&db=afhuman&afid=O94855"
"O94915","PROTEIN FURRY HOMOLOG-LIKE","S; Q; E; Y; Q;","B  50   ; B  89   ; C  99   ; D  55   ; D  89   ;","A 395   ; A 399   ; A1071   ; A1151   ; A1159   ;","none; none; none; none; none","1.51 A","./target.php?radio=27363731750055693|mljw|395:A or 399:A or 1071:A or 1151:A or 1159:A|-0.3514,-0.8524,0.3872,-46.595,-0.8620,0.1332,-0.4892,16.691,0.3654,-0.5057,-0.7815,33.927,0.0,0.0,0.0,1.0&db=afhuman&afid=O94915"
"Q9NVI1","FANCONI ANEMIA GROUP I PROTEIN","S; Q; E; Y; Q;","B  50   ; B  89   ; C  99   ; D  55   ; D  89   ;","A 999   ; A 351   ; A 751   ; A 778   ; A 848   ;","none; none; none; none; none","1.51 A","./target.php?radio=27363731750055693|udfs|999:A or 351:A or 751:A or 778:A or 848:A|-0.1432,-0.3322,0.9323,-48.303,-0.8552,-0.4326,-0.2855,21.241,0.4982,-0.8382,-0.2221,-0.196,0.0,0.0,0.0,1.0&db=afhuman&afid=Q9NVI1"
"Q86XX4","EXTRACELLULAR MATRIX ORGANIZING PROTEIN FRAS1","Y; S; Q; E; Y;","B  36   ; B  50   ; B  89   ; C  99   ; C 106   ;","A 503   ; A 488   ; A 531   ; A 774   ; A 754   ;","none; none; none; none; none","1.51 A","./target.php?radio=27363731750055693|vbyd|503:A or 488:A or 531:A or 774:A or 754:A|-0.7739,0.0644,0.6300,-22.352,0.5307,-0.4768,0.7007,6.142,0.3455,0.8767,0.3348,16.685,0.0,0.0,0.0,1.0&db=afhuman&afid=Q86XX4"
"Q9P2S2","NEUREXIN-2","S; Y; Q; E; Q;","B  50   ; B  55   ; B  89   ; C  99   ; D  89   ;","A 939   ; A 766   ; A 935   ; A 501   ; A 890   ;","none; none; none; none; none","1.52 A","./target.php?radio=27363731750055693|dzbc|939:A or 766:A or 935:A or 501:A or 890:A|-0.2950,-0.3433,0.8917,-65.797,0.5868,-0.8016,-0.1145,14.110,0.7541,0.4895,0.4379,17.656,0.0,0.0,0.0,1.0&db=afhuman&afid=Q9P2S2"
"Q68DQ2","VERY LARGE A-KINASE ANCHOR PROTEIN","E; Y; S; Q; Y;","A  99   ; B  36   ; B  50   ; B  89   ; D  36   ;","A1032   ; A 929   ; A 486   ; A 938   ; A1109   ;","none; none; none; none; none","1.52 A","./target.php?radio=27363731750055693|yqpm|1032:A or 929:A or 486:A or 938:A or 1109:A|-0.0634,0.6523,0.7553,-54.961,-0.0894,-0.7575,0.6467,23.534,0.9940,-0.0265,0.1063,3.689,0.0,0.0,0.0,1.0&db=afhuman&afid=Q68DQ2"
"P32189","GLYCEROL KINASE","E; S; Y; E; Q;","A  99   ; B  50   ; B  55   ; C  99   ; D  89   ;","A 412   ; A 516   ; A 377   ; A 483   ; A 277   ;","none; none; none; none; none","1.52 A","./target.php?radio=27363731750055693|ktnt|412:A or 516:A or 377:A or 483:A or 277:A|-0.5915,-0.6374,-0.4939,-52.285,-0.7903,0.3366,0.5121,6.896,-0.1601,0.6932,-0.7028,30.624,0.0,0.0,0.0,1.0&db=afhuman&afid=P32189"
"Q9P2S2","NEUREXIN-2","S; Y; Q; E; Q;","B  50   ; B  55   ; B  89   ; C  99   ; D  89   ;","A 939   ; A 766   ; A 935   ; A 633   ; A 895   ;","none; none; none; none; none","1.52 A","./target.php?radio=27363731750055693|dzbc|939:A or 766:A or 935:A or 633:A or 895:A|-0.1464,-0.3002,0.9426,-65.432,0.4595,-0.8644,-0.2039,14.555,0.8760,0.4033,0.2645,22.228,0.0,0.0,0.0,1.0&db=afhuman&afid=Q9P2S2"
"Q96MT7","CILIA- AND FLAGELLA-ASSOCIATED PROTEIN 44","E; Y; E; Y; Q;","A  99   ; B  55   ; C  99   ; D  36   ; D  89   ;","A 926   ; A 613   ; A 909   ; A 546   ; A 566   ;","none; none; none; none; none","1.53 A","./target.php?radio=27363731750055693|wdgx|926:A or 613:A or 909:A or 546:A or 566:A|-0.9373,0.0555,-0.3441,-70.427,-0.0632,-0.9979,0.0113,2.568,-0.3427,0.0323,0.9389,-15.853,0.0,0.0,0.0,1.0&db=afhuman&afid=Q96MT7"
"Q9Y4A5","TRANSFORMATION/TRANSCRIPTION DOMAIN-ASSOCIATED PROT","Y; Y; Q; E; Y;","B  36   ; B  55   ; B  89   ; C  99   ; D  55   ;","A1344   ; A1335   ; A1348   ; A 299   ; A 310   ;","none; none; none; none; none","1.53 A","./target.php?radio=27363731750055693|zdig|1344:A or 1335:A or 1348:A or 299:A or 310:A|-0.9796,-0.0483,-0.1950,-82.375,0.0743,-0.9890,-0.1283,3.643,-0.1867,-0.1401,0.9724,10.808,0.0,0.0,0.0,1.0&db=afhuman&afid=Q9Y4A5"
"Q7L1V2","VACUOLAR FUSION PROTEIN MON1 HOMOLOG B","E; Y; S; Q; Y;","A  99   ; B  36   ; B  50   ; B  89   ; D  36   ;","A 237   ; A 126   ; A 177   ; A 108   ; A 527   ;","none; none; none; none; none","1.53 A","./target.php?radio=27363731750055693|lnpc|237:A or 126:A or 177:A or 108:A or 527:A|-0.1022,0.9191,0.3806,-51.829,0.8744,0.2654,-0.4063,14.350,-0.4744,0.2913,-0.8307,10.923,0.0,0.0,0.0,1.0&db=afhuman&afid=Q7L1V2"
"Q13507","SHORT TRANSIENT RECEPTOR POTENTIAL CHANNEL 3","E; S; E; Y; Q;","A  99   ; B  50   ; C  99   ; D  36   ; D  89   ;","A 240   ; A 201   ; A 440   ; A 543   ; A 455   ;","none; none; none; none; none","1.53 A","./target.php?radio=27363731750055693|rnjn|240:A or 201:A or 440:A or 543:A or 455:A|-0.5622,-0.4897,0.6665,-53.766,0.7876,-0.0713,0.6120,9.303,-0.2521,0.8690,0.4258,8.306,0.0,0.0,0.0,1.0&db=afhuman&afid=Q13507"
"Q14409","GLYCEROL KINASE 3","E; S; Y; E; Q;","A  99   ; B  50   ; B  55   ; C  99   ; D  89   ;","A 406   ; A 510   ; A 371   ; A 477   ; A 271   ;","none; none; none; none; none","1.53 A","./target.php?radio=27363731750055693|gihh|406:A or 510:A or 371:A or 477:A or 271:A|-0.6443,-0.5313,-0.5501,-52.309,-0.7543,0.3231,0.5715,6.642,-0.1259,0.7832,-0.6089,30.475,0.0,0.0,0.0,1.0&db=afhuman&afid=Q14409"
"Q7RTS9","DYMECLIN","E; S; Y; E; Q;","A  99   ; B  50   ; B  55   ; C  99   ; D  89   ;","A 145   ; A 136   ; A 132   ; A 637   ; A 186   ;","none; none; none; none; none","1.54 A","./target.php?radio=27363731750055693|szlp|145:A or 136:A or 132:A or 637:A or 186:A|0.5326,0.4790,-0.6977,-75.816,0.7077,0.2000,0.6776,5.510,0.4641,-0.8547,-0.2325,-4.651,0.0,0.0,0.0,1.0&db=afhuman&afid=Q7RTS9"
"Q96EK7","CONSTITUTIVE COACTIVATOR OF PEROXISOME PROLIFERATOR","E; Y; Y; E; Q;","A  99   ; B  36   ; B  55   ; C  99   ; D  89   ;","A 460   ; A 476   ; A 452   ; A  66   ; A 125   ;","none; none; none; none; none","1.54 A","./target.php?radio=27363731750055693|qobn|460:A or 476:A or 452:A or 66:A or 125:A|0.8532,-0.1935,0.4844,-71.702,0.3291,-0.5208,-0.7877,18.874,0.4047,0.8314,-0.3807,4.814,0.0,0.0,0.0,1.0&db=afhuman&afid=Q96EK7"
"Q5GH70","XK-RELATED PROTEIN 9","E; Y; Y; Y; Q;","A  99   ; B  55   ; D  36   ; D  55   ; D  89   ;","A 116   ; A 106   ; A 205   ; A 340   ; A 183   ;","none; none; none; none; none","1.55 A","./target.php?radio=27363731750055693|mibl|116:A or 106:A or 205:A or 340:A or 183:A|0.2024,0.9445,-0.2589,-68.696,0.9707,-0.1586,0.1803,1.312,0.1292,-0.2878,-0.9489,-0.512,0.0,0.0,0.0,1.0&db=afhuman&afid=Q5GH70"
"Q99683","MITOGEN-ACTIVATED PROTEIN KINASE KINASE KINASE 5","Y; S; Q; Y; Y;","B  36   ; B  50   ; B  89   ; C 106   ; D  36   ;","A 636   ; A 613   ; A 634   ; A 147   ; A 271   ;","none; none; none; none; none","1.55 A","./target.php?radio=27363731750055693|gryf|636:A or 613:A or 634:A or 147:A or 271:A|0.5764,0.1595,0.8014,-40.318,0.8162,-0.1598,-0.5553,18.133,0.0395,0.9742,-0.2223,7.978,0.0,0.0,0.0,1.0&db=afhuman&afid=Q99683"
"Q92621","NUCLEAR PORE COMPLEX PROTEIN NUP205","E; S; Y; E; Q;","A  99   ; B  50   ; B  55   ; C  99   ; D  89   ;","A1750   ; A1832   ; A1829   ; A1691   ; A1770   ;","none; none; none; none; none","1.56 A","./target.php?radio=27363731750055693|ywxq|1750:A or 1832:A or 1829:A or 1691:A or 1770:A|-0.0068,0.9162,0.4007,-57.137,0.9629,0.1141,-0.2445,78.852,-0.2697,0.3841,-0.8830,54.302,0.0,0.0,0.0,1.0&db=afhuman&afid=Q92621"
"P12830","CADHERIN-1","Y; Q; Y; Y; Q;","B  55   ; B  89   ; D  36   ; D  55   ; D  89   ;","A 450   ; A 448   ; A 859   ; A 861   ; A 857   ;","none; none; none; none; none","1.56 A","./target.php?radio=27363731750055693|fkyw|450:A or 448:A or 859:A or 861:A or 857:A|0.5180,-0.8532,0.0614,-39.925,-0.8261,-0.4803,0.2946,-9.851,-0.2219,-0.2033,-0.9536,17.780,0.0,0.0,0.0,1.0&db=afhuman&afid=P12830"
"Q96Q15","SERINE/THREONINE-PROTEIN KINASE SMG1","S; E; Y; Y; Q;","B  50   ; C  99   ; D  36   ; D  55   ; D  89   ;","A 624   ; A  78   ; A 125   ; A 185   ; A 113   ;","none; none; none; none; none","1.57 A","./target.php?radio=27363731750055693|cgvs|624:A or 78:A or 125:A or 185:A or 113:A|0.6858,0.5799,0.4398,-57.480,0.5356,-0.8113,0.2346,20.137,0.4928,0.0746,-0.8669,28.130,0.0,0.0,0.0,1.0&db=afhuman&afid=Q96Q15"
"Q6V1P9","PROTOCADHERIN-23","E; S; Q; E; Y;","A  99   ; B  50   ; B  89   ; C  99   ; D  36   ;","A1032   ; A1028   ; A1054   ; A1203   ; A1201   ;","none; none; none; none; none","1.57 A","./target.php?radio=27363731750055693|pizs|1032:A or 1028:A or 1054:A or 1203:A or 1201:A|0.8798,0.4463,-0.1640,-120.582,-0.1549,0.5952,0.7885,63.161,0.4495,-0.6683,0.5928,12.030,0.0,0.0,0.0,1.0&db=afhuman&afid=Q6V1P9"
"Q96Q15","SERINE/THREONINE-PROTEIN KINASE SMG1","S; E; Y; Y; Q;","B  50   ; C  99   ; D  36   ; D  55   ; D  89   ;","A1024   ; A 478   ; A 525   ; A 585   ; A 513   ;","none; none; none; none; none","1.57 A","./target.php?radio=27363731750055693|temn|1024:A or 478:A or 525:A or 585:A or 513:A|-0.7364,0.1346,0.6630,-65.747,0.4908,0.7808,0.3866,26.705,-0.4657,0.6101,-0.6410,12.732,0.0,0.0,0.0,1.0&db=afhuman&afid=Q96Q15"
"Q7L014","PROBABLE ATP-DEPENDENT RNA HELICASE DDX46","E; Y; Y; Y; Q;","A  99   ; B  36   ; B  55   ; D  55   ; D  89   ;","A 594   ; A 720   ; A 718   ; A 336   ; A 401   ;","none; none; none; none; none","1.57 A","./target.php?radio=27363731750055693|bfuu|594:A or 720:A or 718:A or 336:A or 401:A|-0.7125,-0.4862,0.5060,-48.860,-0.4719,0.8656,0.1673,-11.417,-0.5193,-0.1196,-0.8462,4.048,0.0,0.0,0.0,1.0&db=afhuman&afid=Q7L014"
"Q9UFH2","DYNEIN HEAVY CHAIN 17, AXONEMAL","E; S; E; Y; Y;","A  99   ; B  50   ; C  99   ; C 106   ; D  55   ;","A1285   ; A1332   ; A 335   ; A 462   ; A 465   ;","none; none; none; none; none","1.57 A","./target.php?radio=27363731750055693|qiqf|1285:A or 1332:A or 335:A or 462:A or 465:A|-0.0738,-0.9886,0.1312,-49.985,-0.8853,0.1255,0.4478,-20.640,-0.4592,-0.0832,-0.8844,13.429,0.0,0.0,0.0,1.0&db=afhuman&afid=Q9UFH2"
"Q8TEQ6","GEM-ASSOCIATED PROTEIN 5","S; Q; E; Y; Y;","B  50   ; B  89   ; C  99   ; C 106   ; D  55   ;","A 301   ; A 298   ; A1462   ; A1282   ; A1286   ;","none; none; none; none; none","1.58 A","./target.php?radio=27363731750055693|chmn|301:A or 298:A or 1462:A or 1282:A or 1286:A|-0.1708,0.2731,-0.9467,-30.965,-0.5502,0.7707,0.3216,7.667,0.8174,0.5757,0.0187,48.978,0.0,0.0,0.0,1.0&db=afhuman&afid=Q8TEQ6"
"Q96RY7","INTRAFLAGELLAR TRANSPORT PROTEIN 140 HOMOLOG","Y; S; Q; E; Y;","B  36   ; B  50   ; B  89   ; C  99   ; D  36   ;","A 729   ; A 656   ; A 416   ; A 842   ; A 866   ;","none; none; none; none; none","1.58 A","./target.php?radio=27363731750055693|apxf|729:A or 656:A or 416:A or 842:A or 866:A|0.8902,-0.0499,-0.4528,-43.661,0.4010,0.5572,0.7271,-4.178,0.2160,-0.8289,0.5161,9.062,0.0,0.0,0.0,1.0&db=afhuman&afid=Q96RY7"
"Q7Z494","NEPHROCYSTIN-3","E; Y; E; Y; Q;","A  99   ; B  55   ; C  99   ; D  55   ; D  89   ;","A 456   ; A1068   ; A 503   ; A 510   ; A 545   ;","none; none; none; none; none","1.58 A","./target.php?radio=27363731750055693|busg|456:A or 1068:A or 503:A or 510:A or 545:A|-0.3108,-0.3000,0.9019,-48.386,0.9280,0.1092,0.3562,8.486,-0.2053,0.9477,0.2445,-0.557,0.0,0.0,0.0,1.0&db=afhuman&afid=Q7Z494"
"Q8NB14","UBIQUITIN CARBOXYL-TERMINAL HYDROLASE 38","Y; S; Y; Q; E;","B  36   ; B  50   ; B  55   ; B  89   ; C  99   ;","A 455   ; A 855   ; A 858   ; A 523   ; A 879   ;","none; none; none; none; none","1.58 A","./target.php?radio=27363731750055693|xrqs|455:A or 855:A or 858:A or 523:A or 879:A|0.5142,-0.4839,0.7081,-43.426,-0.6861,-0.7275,0.0011,-16.557,0.5146,-0.4864,-0.7061,39.824,0.0,0.0,0.0,1.0&db=afhuman&afid=Q8NB14"
"P40818","UBIQUITIN CARBOXYL-TERMINAL HYDROLASE 8","E; Y; S; Q; E;","A  99   ; B  36   ; B  50   ; B  89   ; C  99   ;","A 829   ; A 810   ; A 758   ; A 811   ; A 298   ;","none; none; none; none; none","1.59 A","./target.php?radio=27363731750055693|oucv|829:A or 810:A or 758:A or 811:A or 298:A|-0.8532,-0.5216,-0.0097,-53.859,0.5213,-0.8518,-0.0518,13.972,0.0187,-0.0493,0.9986,1.835,0.0,0.0,0.0,1.0&db=afhuman&afid=P40818"
"Q14517","PROTOCADHERIN FAT 1","E; E; Y; Y; Y;","A  99   ; C  99   ; C 106   ; D  36   ; D  55   ;","A 139   ; A 231   ; A 232   ; A 267   ; A 235   ;","none; none; none; none; none","1.59 A","./target.php?radio=27363731750055693|qxan|139:A or 231:A or 232:A or 267:A or 235:A|-0.7128,-0.6987,-0.0616,-84.340,-0.3857,0.3171,0.8664,-16.934,-0.5858,0.6413,-0.4955,0.645,0.0,0.0,0.0,1.0&db=afhuman&afid=Q14517"
"Q96Q15","SERINE/THREONINE-PROTEIN KINASE SMG1","S; E; Y; Y; Q;","B  50   ; C  99   ; D  36   ; D  55   ; D  89   ;","A1224   ; A 678   ; A 725   ; A 785   ; A 713   ;","none; none; none; none; none","1.59 A","./target.php?radio=27363731750055693|rkpi|1224:A or 678:A or 725:A or 785:A or 713:A|-0.1167,0.8476,0.5176,-68.334,0.8346,0.3662,-0.4116,33.234,-0.5384,0.3839,-0.7502,9.852,0.0,0.0,0.0,1.0&db=afhuman&afid=Q96Q15"
"P50461","CYSTEINE AND GLYCINE-RICH PROTEIN 3","Y; S; Y; E; Y;","B  36   ; B  50   ; B  55   ; C  99   ; D  55   ;","A  66   ; A  54   ; A  57   ; A 165   ; A 167   ;","none; none; none; none; none","1.59 A","./target.php?radio=27363731750055693|ebfr|66:A or 54:A or 57:A or 165:A or 167:A|-0.8615,0.3393,0.3778,-53.331,-0.4003,-0.9115,-0.0944,5.764,0.3124,-0.2326,0.9210,19.621,0.0,0.0,0.0,1.0&db=afhuman&afid=P50461"
"P01266","THYROGLOBULIN","S; Y; Y; Y; Y;","B  50   ; B  55   ; C 106   ; D  36   ; D  55   ;","A1328   ; A1321   ; A 565   ; A 658   ; A 663   ;","none; none; none; none; none","1.59 A","./target.php?radio=27363731750055693|dqgl|1328:A or 1321:A or 565:A or 658:A or 663:A|-0.8041,0.1425,0.5771,-66.425,0.0499,0.9836,-0.1733,-7.380,-0.5923,-0.1105,-0.7981,31.625,0.0,0.0,0.0,1.0&db=afhuman&afid=P01266"
"O00507","PROBABLE UBIQUITIN CARBOXYL-TERMINAL HYDROLASE FAF-","E; Y; Y; Y; Y;","A  99   ; B  55   ; C 106   ; D  36   ; D  55   ;","A1774   ; A1733   ; A1569   ; A1951   ; A1882   ;","none; none; none; none; none","1.59 A","./target.php?radio=27363731750055693|hvgy|1774:A or 1733:A or 1569:A or 1951:A or 1882:A|-0.2946,-0.1878,-0.9370,-86.624,0.5226,-0.8526,0.0066,-22.603,-0.8001,-0.4877,0.3493,12.741,0.0,0.0,0.0,1.0&db=afhuman&afid=O00507"
"Q9UKN7","UNCONVENTIONAL MYOSIN-XV","Y; E; Y; Y; Q;","B  55   ; C  99   ; D  36   ; D  55   ; D  89   ;","A 146   ; A1025   ; A1079   ; A1054   ; A1078   ;","none; none; none; none; none","1.60 A","./target.php?radio=27363731750055693|mpfq|146:A or 1025:A or 1079:A or 1054:A or 1078:A|0.1622,-0.9577,0.2376,-68.993,0.0269,0.2450,0.9691,-21.802,-0.9864,-0.1508,0.0655,-9.598,0.0,0.0,0.0,1.0&db=afhuman&afid=Q9UKN7"
"Q96Q15","SERINE/THREONINE-PROTEIN KINASE SMG1","S; E; Y; Y; Q;","B  50   ; C  99   ; D  36   ; D  55   ; D  89   ;","A 824   ; A 278   ; A 325   ; A 385   ; A 313   ;","none; none; none; none; none","1.60 A","./target.php?radio=27363731750055693|udzd|824:A or 278:A or 325:A or 385:A or 313:A|-0.8983,0.3107,0.3106,-64.950,0.3918,0.8864,0.2464,21.849,-0.1988,0.3431,-0.9180,19.696,0.0,0.0,0.0,1.0&db=afhuman&afid=Q96Q15"
"Q9ULK4","MEDIATOR OF RNA POLYMERASE II TRANSCRIPTION SUBUNIT","E; Y; E; Y; Y;","A  99   ; B  55   ; C  99   ; C 106   ; D  36   ;","A 812   ; A 808   ; A 976   ; A1012   ; A 883   ;","none; none; none; none; none","1.60 A","./target.php?radio=27363731750055693|iulc|812:A or 808:A or 976:A or 1012:A or 883:A|-0.9483,-0.0647,0.3106,-83.369,-0.2411,0.7832,-0.5731,13.901,-0.2062,-0.6184,-0.7584,35.145,0.0,0.0,0.0,1.0&db=afhuman&afid=Q9ULK4"
"Q9NV70","EXOCYST COMPLEX COMPONENT 1","Y; Y; Q; Y; Q;","B  36   ; B  55   ; B  89   ; C 106   ; D  89   ;","A 769   ; A 766   ; A 773   ; A 611   ; A 654   ;","none; none; none; none; none","1.60 A","./target.php?radio=27363731750055693|fgxc|769:A or 766:A or 773:A or 611:A or 654:A|0.5984,-0.5543,-0.5786,-90.073,0.7169,0.6928,0.0778,-17.570,0.3577,-0.4613,0.8119,20.634,0.0,0.0,0.0,1.0&db=afhuman&afid=Q9NV70"
"Q9NYP9","PROTEIN MIS18-ALPHA","E; E; Y; Y; Q;","A  99   ; C  99   ; D  36   ; D  55   ; D  89   ;","A  70   ; A 131   ; A 161   ; A 152   ; A 102   ;","none; none; none; none; none","1.61 A","./target.php?radio=27363731750055693|rieg|70:A or 131:A or 161:A or 152:A or 102:A|-0.9887,-0.0547,0.1394,-66.365,0.1381,-0.6927,0.7079,8.622,0.0578,0.7192,0.6924,25.805,0.0,0.0,0.0,1.0&db=afhuman&afid=Q9NYP9"
"Q01433","AMP DEAMINASE 2","E; Y; Y; Q; Q;","A  99   ; B  36   ; B  55   ; B  89   ; D  89   ;","A 823   ; A 269   ; A 844   ; A 272   ; A 535   ;","none; none; none; none; none","1.61 A","./target.php?radio=27363731750055693|qepd|823:A or 269:A or 844:A or 272:A or 535:A|0.9320,-0.2349,-0.2761,-56.430,-0.1539,-0.9460,0.2854,10.531,-0.3282,-0.2235,-0.9178,-1.426,0.0,0.0,0.0,1.0&db=afhuman&afid=Q01433"
"Q93008","PROBABLE UBIQUITIN CARBOXYL-TERMINAL HYDROLASE FAF-","E; Y; Y; Y; Y;","A  99   ; B  55   ; C 106   ; D  36   ; D  55   ;","A1772   ; A1731   ; A1567   ; A1949   ; A1880   ;","none; none; none; none; none","1.61 A","./target.php?radio=27363731750055693|zcnh|1772:A or 1731:A or 1567:A or 1949:A or 1880:A|-0.2337,-0.8079,-0.5410,-85.640,0.9723,-0.1894,-0.1373,-23.592,0.0084,-0.5581,0.8298,14.268,0.0,0.0,0.0,1.0&db=afhuman&afid=Q93008"
"P08F94","FIBROCYSTIN","E; Y; S; Y; Q;","A  99   ; B  36   ; B  50   ; D  36   ; D  89   ;","A1302   ; A  77   ; A1360   ; A  60   ; A 104   ;","none; none; none; none; none","1.61 A","./target.php?radio=27363731750055693|gtdr|1302:A or 77:A or 1360:A or 60:A or 104:A|-0.7586,-0.1479,-0.6346,-62.925,-0.5832,-0.2803,0.7625,53.018,-0.2906,0.9484,0.1264,8.173,0.0,0.0,0.0,1.0&db=afhuman&afid=P08F94"
"Q7Z478","ATP-DEPENDENT RNA HELICASE DHX29","E; S; Y; Q; E;","A  99   ; B  50   ; B  55   ; B  89   ; C  99   ;","A 308   ; A 320   ; A 264   ; A 301   ; A 934   ;","none; none; none; none; none","1.61 A","./target.php?radio=27363731750055693|uzvu|308:A or 320:A or 264:A or 301:A or 934:A|0.8717,0.4835,0.0795,-69.075,0.4495,-0.7244,-0.5226,7.207,-0.1951,0.4913,-0.8488,29.101,0.0,0.0,0.0,1.0&db=afhuman&afid=Q7Z478"
"P16452","PROTEIN 4.2","E; Y; S; Q; Y;","A  99   ; B  36   ; B  50   ; B  89   ; D  36   ;","A 429   ; A 158   ; A 425   ; A 154   ; A 307   ;","none; none; none; none; none","1.61 A","./target.php?radio=27363731750055693|jsva|429:A or 158:A or 425:A or 154:A or 307:A|0.3083,0.0440,-0.9503,-38.434,-0.2909,-0.9467,-0.1382,7.518,-0.9057,0.3190,-0.2791,12.505,0.0,0.0,0.0,1.0&db=afhuman&afid=P16452"
"Q08426","PEROXISOMAL BIFUNCTIONAL ENZYME","E; Y; S; E; Q;","A  99   ; B  36   ; B  50   ; C  99   ; D  89   ;","A 417   ; A 450   ; A 421   ; A 498   ; A 491   ;","none; none; none; none; none","1.61 A","./target.php?radio=27363731750055693|kxha|417:A or 450:A or 421:A or 498:A or 491:A|0.1268,-0.6030,0.7876,-46.015,0.7921,-0.4164,-0.4463,-12.964,0.5971,0.6804,0.4249,13.821,0.0,0.0,0.0,1.0&db=afhuman&afid=Q08426"
"Q7Z5L7","PODOCAN","E; Y; Y; E; Y;","A  99   ; B  36   ; B  55   ; C  99   ; C 106   ;","A  44   ; A 292   ; A 268   ; A 115   ; A 112   ;","none; none; none; none; none","1.62 A","./target.php?radio=27363731750055693|wlnu|44:A or 292:A or 268:A or 115:A or 112:A|0.5337,-0.5700,-0.6247,-31.423,0.4687,0.8142,-0.3426,20.274,0.7039,-0.1100,0.7017,14.525,0.0,0.0,0.0,1.0&db=afhuman&afid=Q7Z5L7"
"P01024","COMPLEMENT C3","Y; S; Y; Q; Y;","B  36   ; B  50   ; B  55   ; B  89   ; D  36   ;","A 635   ; A 452   ; A 446   ; A 652   ; A 385   ;","none; none; none; none; none","1.62 A","./target.php?radio=27363731750055693|ijgr|635:A or 452:A or 446:A or 652:A or 385:A|-0.2292,-0.9724,0.0427,-57.972,0.1633,0.0048,0.9866,-18.113,-0.9596,0.2331,0.1577,-32.139,0.0,0.0,0.0,1.0&db=afhuman&afid=P01024"
"Q8N4N3","KELCH-LIKE PROTEIN 36","Y; S; Y; Y; Y;","B  36   ; B  50   ; B  55   ; C 106   ; D  36   ;","A 148   ; A 189   ; A 196   ; A 496   ; A 549   ;","none; none; none; none; none","1.62 A","./target.php?radio=27363731750055693|xvlf|148:A or 189:A or 196:A or 496:A or 549:A|-0.9939,-0.1073,-0.0245,-62.740,-0.0498,0.2398,0.9696,4.261,-0.0982,0.9649,-0.2437,14.780,0.0,0.0,0.0,1.0&db=afhuman&afid=Q8N4N3"
"Q15303","RECEPTOR TYROSINE-PROTEIN KINASE ERBB-4","E; Y; S; E; Y;","A  99   ; B  36   ; B  50   ; C  99   ; C 106   ;","A 836   ; A1221   ; A 350   ; A  64   ; A  86   ;","none; none; none; none; none","1.62 A","./target.php?radio=27363731750055693|zmyw|836:A or 1221:A or 350:A or 64:A or 86:A|-0.7388,-0.0794,0.6692,-58.466,0.3338,-0.9058,0.2610,9.686,0.5854,0.4162,0.6958,28.876,0.0,0.0,0.0,1.0&db=afhuman&afid=Q15303"
"Q5T4S7","E3 UBIQUITIN-PROTEIN LIGASE UBR4","Y; E; Y; Y; Q;","B  36   ; C  99   ; C 106   ; D  55   ; D  89   ;","A1047   ; A 742   ; A 740   ; A 914   ; A 961   ;","none; none; none; none; none","1.62 A","./target.php?radio=27363731750055693|dtqb|1047:A or 742:A or 740:A or 914:A or 961:A|0.2356,0.1429,-0.9613,-84.414,0.6346,0.7265,0.2635,-0.090,0.7360,-0.6721,0.0805,5.476,0.0,0.0,0.0,1.0&db=afhuman&afid=Q5T4S7"
"Q07954","PROLOW-DENSITY LIPOPROTEIN RECEPTOR-RELATED PROTEIN","E; S; Q; Y; Q;","A  99   ; B  50   ; B  89   ; D  36   ; D  89   ;","A 153   ; A 137   ; A 140   ; A 237   ; A 467   ;","none; none; none; none; none","1.63 A","./target.php?radio=27363731750055693|lyio|153:A or 137:A or 140:A or 237:A or 467:A|0.3988,-0.8325,0.3846,-38.635,0.0637,0.4435,0.8940,-23.727,-0.9148,-0.3320,0.2299,-13.883,0.0,0.0,0.0,1.0&db=afhuman&afid=Q07954"
"Q7Z3J2","VPS35 ENDOSOMAL PROTEIN-SORTING FACTOR-LIKE","Y; S; Y; Q; Q;","B  36   ; B  50   ; B  55   ; B  89   ; D  89   ;","A 387   ; A 332   ; A 391   ; A 376   ; A 484   ;","none; none; none; none; none","1.63 A","./target.php?radio=27363731750055693|aurm|387:A or 332:A or 391:A or 376:A or 484:A|0.1209,-0.9682,0.2189,-43.246,-0.8744,0.0006,0.4853,-26.962,-0.4700,-0.2501,-0.8465,15.169,0.0,0.0,0.0,1.0&db=afhuman&afid=Q7Z3J2"
"A8K2U0","ALPHA-2-MACROGLOBULIN-LIKE PROTEIN 1","Y; S; E; Y; Q;","B  36   ; B  50   ; C  99   ; D  36   ; D  89   ;","A1449   ; A1373   ; A1107   ; A1199   ; A1239   ;","none; none; none; none; none","1.63 A","./target.php?radio=27363731750055693|jfsu|1449:A or 1373:A or 1107:A or 1199:A or 1239:A|-0.7693,0.3675,-0.5226,-60.743,0.6361,0.3644,-0.6801,34.084,-0.0595,-0.8556,-0.5141,23.116,0.0,0.0,0.0,1.0&db=afhuman&afid=A8K2U0"
"Q96A46","MITOFERRIN-2","E; Y; E; Y; Y;","A  99   ; B  36   ; C  99   ; D  36   ; D  55   ;","A 347   ; A 259   ; A 125   ; A 111   ; A 201   ;","none; none; none; none; none","1.64 A","./target.php?radio=27363731750055693|pjmc|347:A or 259:A or 125:A or 111:A or 201:A|0.7827,-0.4535,-0.4263,-55.135,0.0087,0.6928,-0.7211,2.032,0.6223,0.5607,0.5462,21.652,0.0,0.0,0.0,1.0&db=afhuman&afid=Q96A46"
"Q9ULK4","MEDIATOR OF RNA POLYMERASE II TRANSCRIPTION SUBUNIT","E; Q; E; Y; Y;","A  99   ; B  89   ; C  99   ; C 106   ; D  55   ;","A1269   ; A1313   ; A1111   ; A1048   ; A1067   ;","none; none; none; none; none","1.64 A","./target.php?radio=27363731750055693|iulc|1269:A or 1313:A or 1111:A or 1048:A or 1067:A|0.7312,0.6689,-0.1340,-67.266,-0.6805,0.7288,-0.0753,20.153,0.0473,0.1463,0.9881,6.455,0.0,0.0,0.0,1.0&db=afhuman&afid=Q9ULK4"
"Q8IZQ1","WD REPEAT AND FYVE DOMAIN-CONTAINING PROTEIN 3","S; Q; Y; Y; Q;","B  50   ; B  89   ; D  36   ; D  55   ; D  89   ;","A 364   ; A1164   ; A 329   ; A 326   ; A 333   ;","none; none; none; none; none","1.64 A","./target.php?radio=27363731750055693|ersd|364:A or 1164:A or 329:A or 326:A or 333:A|0.2990,0.1921,-0.9347,-32.219,0.4036,0.8622,0.3063,-4.773,0.8647,-0.4688,0.1803,9.179,0.0,0.0,0.0,1.0&db=afhuman&afid=Q8IZQ1"
"Q5T4S7","E3 UBIQUITIN-PROTEIN LIGASE UBR4","Y; E; Y; Y; Q;","B  55   ; C  99   ; C 106   ; D  55   ; D  89   ;","A 841   ; A 542   ; A 540   ; A 714   ; A 761   ;","none; none; none; none; none","1.64 A","./target.php?radio=27363731750055693|irli|841:A or 542:A or 540:A or 714:A or 761:A|0.2033,-0.1004,-0.9740,-86.834,0.0685,0.9937,-0.0882,3.404,0.9767,-0.0488,0.2089,21.603,0.0,0.0,0.0,1.0&db=afhuman&afid=Q5T4S7"
"Q8IZQ1","WD REPEAT AND FYVE DOMAIN-CONTAINING PROTEIN 3","S; Q; Y; Y; Q;","B  50   ; B  89   ; D  36   ; D  55   ; D  89   ;","A 564   ; A1364   ; A 529   ; A 526   ; A 533   ;","none; none; none; none; none","1.65 A","./target.php?radio=27363731750055693|prib|564:A or 1364:A or 529:A or 526:A or 533:A|0.9271,0.0722,-0.3678,-37.244,0.1592,-0.9642,0.2122,0.245,-0.3393,-0.2553,-0.9054,2.462,0.0,0.0,0.0,1.0&db=afhuman&afid=Q8IZQ1"
"Q13507","SHORT TRANSIENT RECEPTOR POTENTIAL CHANNEL 3","E; S; Y; E; Y;","A  99   ; B  50   ; B  55   ; C  99   ; D  36   ;","A 240   ; A 201   ; A 247   ; A 440   ; A 543   ;","none; none; none; none; none","1.65 A","./target.php?radio=27363731750055693|rnjn|240:A or 201:A or 247:A or 440:A or 543:A|-0.5531,-0.4992,0.6670,-52.963,0.7846,-0.0427,0.6186,9.093,-0.2803,0.8654,0.4153,8.335,0.0,0.0,0.0,1.0&db=afhuman&afid=Q13507"
"Q9BU23","LIPASE MATURATION FACTOR 2","S; Y; Q; E; Q;","B  50   ; B  55   ; B  89   ; C  99   ; D  89   ;","A 628   ; A  27   ; A  76   ; A 151   ; A   9   ;","none; none; none; none; none","1.65 A","./target.php?radio=27363731750055693|frsw|628:A or 27:A or 76:A or 151:A or 9:A|-0.6585,-0.5815,0.4778,-43.115,0.2587,0.4213,0.8693,-8.043,-0.7067,0.6960,-0.1270,8.715,0.0,0.0,0.0,1.0&db=afhuman&afid=Q9BU23"
"O75882","ATTRACTIN","Y; Q; Y; Y; Y;","B  36   ; B  89   ; C 106   ; D  36   ; D  55   ;","A 537   ; A 542   ; A 195   ; A 187   ; A 189   ;","none; none; none; none; none","1.65 A","./target.php?radio=27363731750055693|qifm|537:A or 542:A or 195:A or 187:A or 189:A|-0.6190,-0.1459,0.7717,-59.768,0.6839,0.3829,0.6210,4.673,-0.3861,0.9122,-0.1372,3.931,0.0,0.0,0.0,1.0&db=afhuman&afid=O75882"
"Q96N23","CILIA- AND FLAGELLA-ASSOCIATED PROTEIN 54","Y; Q; Y; Y; Q;","B  36   ; B  89   ; C 106   ; D  36   ; D  89   ;","A1111   ; A1141   ; A 828   ; A 945   ; A 948   ;","none; none; none; none; none","1.66 A","./target.php?radio=27363731750055693|lxoe|1111:A or 1141:A or 828:A or 945:A or 948:A|0.6726,-0.0373,0.7391,-70.304,0.6160,-0.5254,-0.5870,-16.433,0.4102,0.8501,-0.3304,-3.434,0.0,0.0,0.0,1.0&db=afhuman&afid=Q96N23"
"Q13099","INTRAFLAGELLAR TRANSPORT PROTEIN 88 HOMOLOG","E; Y; E; Y; Q;","A  99   ; B  55   ; C  99   ; C 106   ; D  89   ;","A 296   ; A 315   ; A 215   ; A 207   ; A 246   ;","none; none; none; none; none","1.66 A","./target.php?radio=27363731750055693|elzv|296:A or 315:A or 215:A or 207:A or 246:A|-0.6979,0.6566,0.2861,-44.203,0.4084,0.6930,-0.5940,-13.817,-0.5883,-0.2977,-0.7518,21.279,0.0,0.0,0.0,1.0&db=afhuman&afid=Q13099"
"O60488","LONG-CHAIN-FATTY-ACID--COA LIGASE 4","E; Y; S; Y; Q;","A  99   ; B  36   ; B  50   ; B  55   ; D  89   ;","A 326   ; A 342   ; A 332   ; A 315   ; A 390   ;","none; none; none; none; none","1.66 A","./target.php?radio=27363731750055693|xwyz|326:A or 342:A or 332:A or 315:A or 390:A|-0.3656,0.0143,0.9307,-44.036,0.4205,-0.8895,0.1789,20.787,0.8304,0.4567,0.3192,16.363,0.0,0.0,0.0,1.0&db=afhuman&afid=O60488"
"Q9Y493","ZONADHESIN","S; Y; Q; Y; Y;","B  50   ; B  55   ; B  89   ; D  36   ; D  55   ;","A1367   ; A1389   ; A1362   ; A 780   ; A 764   ;","none; none; none; none; none","1.66 A","./target.php?radio=27363731750055693|dcpr|1367:A or 1389:A or 1362:A or 780:A or 764:A|-0.1714,0.1768,0.9692,-71.987,-0.9453,0.2477,-0.2123,11.419,-0.2776,-0.9526,0.1247,22.462,0.0,0.0,0.0,1.0&db=afhuman&afid=Q9Y493"
"Q9NZM1","MYOFERLIN","E; Y; E; Y; Q;","A  99   ; B  55   ; C  99   ; D  36   ; D  89   ;","A1463   ; A1458   ; A1409   ; A1700   ; A1735   ;","none; none; none; none; none","1.66 A","./target.php?radio=27363731750055693|pfki|1463:A or 1458:A or 1409:A or 1700:A or 1735:A|0.0364,-0.6848,0.7278,-62.720,0.0359,-0.7269,-0.6858,34.617,0.9987,0.0511,-0.0019,46.980,0.0,0.0,0.0,1.0&db=afhuman&afid=Q9NZM1"
"P08519","APOLIPOPROTEIN(A)","Y; S; Y; Y; Y;","B  36   ; B  50   ; B  55   ; D  36   ; D  55   ;","A 435   ; A 427   ; A 434   ; A1369   ; A1367   ;","none; none; none; none; none","1.66 A","./target.php?radio=27363731750055693|rcbr|435:A or 427:A or 434:A or 1369:A or 1367:A|-0.8378,0.4890,0.2428,-60.678,0.5326,0.6347,0.5598,24.695,0.1197,0.5984,-0.7922,7.599,0.0,0.0,0.0,1.0&db=afhuman&afid=P08519"
"Q9BZC7","ATP-BINDING CASSETTE SUB-FAMILY A MEMBER 2","E; Q; Y; Y; Q;","A  99   ; B  89   ; D  36   ; D  55   ; D  89   ;","A 869   ; A1645   ; A1785   ; A1965   ; A1788   ;","none; none; none; none; none","1.67 A","./target.php?radio=27363731750055693|dlvp|869:A or 1645:A or 1785:A or 1965:A or 1788:A|-0.4425,0.3501,-0.8256,-67.172,-0.7262,-0.6800,0.1009,20.558,-0.5261,0.6442,0.5552,28.873,0.0,0.0,0.0,1.0&db=afhuman&afid=Q9BZC7"
"Q9UFH2","DYNEIN HEAVY CHAIN 17, AXONEMAL","E; Y; E; Y; Q;","A  99   ; B  55   ; C  99   ; D  36   ; D  89   ;","A 128   ; A  87   ; A  46   ; A  77   ; A 165   ;","none; none; none; none; none","1.67 A","./target.php?radio=27363731750055693|dpam|128:A or 87:A or 46:A or 77:A or 165:A|-0.7200,-0.0594,0.6915,-15.082,0.5067,-0.7258,0.4652,11.040,0.4742,0.6853,0.5527,34.058,0.0,0.0,0.0,1.0&db=afhuman&afid=Q9UFH2"
"O60229","KALIRIN","E; Y; E; Y; Y;","A  99   ; B  36   ; C  99   ; C 106   ; D  55   ;","A1250   ; A1026   ; A 341   ; A 344   ; A 466   ;","none; none; none; none; none","1.67 A","./target.php?radio=27363731750055693|gsbs|1250:A or 1026:A or 341:A or 344:A or 466:A|-0.4550,0.8805,-0.1328,-50.154,0.8656,0.4023,-0.2980,13.944,-0.2090,-0.2506,-0.9453,18.659,0.0,0.0,0.0,1.0&db=afhuman&afid=O60229"
"Q8N9B5","JUNCTION-MEDIATING AND -REGULATORY PROTEIN","Y; E; Y; Y; Q;","B  36   ; C  99   ; D  36   ; D  55   ; D  89   ;","A 331   ; A 973   ; A 538   ; A 622   ; A 541   ;","none; none; none; none; none","1.67 A","./target.php?radio=27363731750055693|ttpo|331:A or 973:A or 538:A or 622:A or 541:A|0.3522,-0.2222,0.9092,-50.426,0.5548,0.8319,-0.0116,3.755,-0.7538,0.5085,0.4163,3.994,0.0,0.0,0.0,1.0&db=afhuman&afid=Q8N9B5"
"Q5T4S7","E3 UBIQUITIN-PROTEIN LIGASE UBR4","Y; E; Y; Y; Q;","B  55   ; C  99   ; C 106   ; D  55   ; D  89   ;","A1241   ; A 942   ; A 940   ; A1114   ; A1161   ;","none; none; none; none; none","1.67 A","./target.php?radio=27363731750055693|idfb|1241:A or 942:A or 940:A or 1114:A or 1161:A|0.3543,0.6826,-0.6391,-106.526,0.8258,0.0923,0.5563,5.683,0.4387,-0.7249,-0.5310,-19.345,0.0,0.0,0.0,1.0&db=afhuman&afid=Q5T4S7"
"O43149","ZINC FINGER ZZ-TYPE AND EF-HAND DOMAIN-CONTAINING P","Y; S; Y; E; Y;","B  36   ; B  50   ; B  55   ; C  99   ; C 106   ;","A 604   ; A 608   ; A 676   ; A1122   ; A1120   ;","none; none; none; none; none","1.67 A","./target.php?radio=27363731750055693|lyvp|604:A or 608:A or 676:A or 1122:A or 1120:A|-0.8951,-0.2829,0.3447,-49.806,-0.1248,0.9010,0.4154,-14.653,-0.4281,0.3288,-0.8418,21.223,0.0,0.0,0.0,1.0&db=afhuman&afid=O43149"
"Q9UPR0","INACTIVE PHOSPHOLIPASE C-LIKE PROTEIN 2","E; S; Y; Y; Q;","A  99   ; B  50   ; B  55   ; C 106   ; D  89   ;","A 356   ; A 137   ; A 248   ; A1076   ; A1087   ;","none; none; none; none; none","1.67 A","./target.php?radio=27363731750055693|yqvk|356:A or 137:A or 248:A or 1076:A or 1087:A|-0.7157,0.0432,0.6970,-72.545,0.6719,0.3145,0.6705,15.367,-0.1903,0.9483,-0.2541,29.660,0.0,0.0,0.0,1.0&db=afhuman&afid=Q9UPR0"
"Q9BZ29","DEDICATOR OF CYTOKINESIS PROTEIN 9","E; Y; Y; E; Q;","A  99   ; B  36   ; B  55   ; C  99   ; D  89   ;","A 621   ; A  92   ; A 599   ; A 385   ; A 427   ;","none; none; none; none; none","1.67 A","./target.php?radio=27363731750055693|fygc|621:A or 92:A or 599:A or 385:A or 427:A|0.4701,0.6180,-0.6302,2.165,0.8288,-0.0634,0.5560,31.318,0.3036,-0.7836,-0.5420,33.071,0.0,0.0,0.0,1.0&db=afhuman&afid=Q9BZ29"
"Q96GX9","METHYLTHIORIBULOSE-1-PHOSPHATE DEHYDRATASE","E; Q; E; Y; Q;","A  99   ; B  89   ; C  99   ; D  36   ; D  89   ;","A  66   ; A  69   ; A 238   ; A 155   ; A 138   ;","none; none; none; none; none","1.67 A","./target.php?radio=27363731750055693|nvix|66:A or 69:A or 238:A or 155:A or 138:A|0.6387,-0.1521,-0.7543,-46.527,0.7639,0.0083,0.6452,7.856,-0.0918,-0.9883,0.1215,18.491,0.0,0.0,0.0,1.0&db=afhuman&afid=Q96GX9"
"Q9Y262","EUKARYOTIC TRANSLATION INITIATION FACTOR 3 SUBUNIT","E; Q; Y; Y; Q;","A  99   ; B  89   ; C 106   ; D  36   ; D  89   ;","A 410   ; A 452   ; A 136   ; A 160   ; A 193   ;","none; none; none; none; none","1.68 A","./target.php?radio=27363731750055693|bzdj|410:A or 452:A or 136:A or 160:A or 193:A|-0.1847,-0.4219,0.8876,-54.103,-0.9824,0.1041,-0.1550,5.290,-0.0270,-0.9007,-0.4337,1.767,0.0,0.0,0.0,1.0&db=afhuman&afid=Q9Y262"
"Q6ZNB7","ALKYLGLYCEROL MONOOXYGENASE","E; S; Y; Y; Q;","A  99   ; B  50   ; B  55   ; C 106   ; D  89   ;","A 203   ; A 219   ; A 259   ; A 404   ; A 342   ;","none; none; none; none; none","1.68 A","./target.php?radio=27363731750055693|wahe|203:A or 219:A or 259:A or 404:A or 342:A|-0.0749,-0.4281,-0.9006,-46.203,0.1718,-0.8952,0.4112,6.118,-0.9823,-0.1239,0.1406,25.986,0.0,0.0,0.0,1.0&db=afhuman&afid=Q6ZNB7"
"Q15911","ZINC FINGER HOMEOBOX PROTEIN 3","Y; S; Q; E; Q;","B  36   ; B  50   ; B  89   ; C  99   ; D  89   ;","A1152   ; A1134   ; A1147   ; A 781   ; A 814   ;","none; none; none; none; none","1.68 A","./target.php?radio=27363731750055693|quvw|1152:A or 1134:A or 1147:A or 781:A or 814:A|-0.2827,-0.9331,0.2221,-46.484,0.4872,0.0597,0.8712,48.756,-0.8262,0.3545,0.4378,-4.364,0.0,0.0,0.0,1.0&db=afhuman&afid=Q15911"
"Q7Z5L7","PODOCAN","E; Y; S; E; Y;","A  99   ; B  36   ; B  50   ; C  99   ; D  55   ;","A  49   ; A 152   ; A 195   ; A 479   ; A 481   ;","none; none; none; none; none","1.68 A","./target.php?radio=27363731750055693|wlnu|49:A or 152:A or 195:A or 479:A or 481:A|-0.3939,-0.2949,0.8706,-54.022,-0.8637,-0.2054,-0.4603,3.806,0.3146,-0.9332,-0.1738,26.863,0.0,0.0,0.0,1.0&db=afhuman&afid=Q7Z5L7"
"Q5VYK3","PROTEASOME ADAPTER AND SCAFFOLD PROTEIN ECM29","S; Y; E; Y; Y;","B  50   ; B  55   ; C  99   ; C 106   ; D  36   ;","A 427   ; A 470   ; A 678   ; A 674   ; A 656   ;","none; none; none; none; none","1.68 A","./target.php?radio=27363731750055693|lcux|427:A or 470:A or 678:A or 674:A or 656:A|-0.9439,-0.2076,0.2568,-32.905,0.2961,-0.8762,0.3803,26.679,0.1461,0.4350,0.8885,44.286,0.0,0.0,0.0,1.0&db=afhuman&afid=Q5VYK3"
"Q8TCU6","PHOSPHATIDYLINOSITOL 3,4,5-TRISPHOSPHATE-DEPENDENT","Y; E; Y; Y; Y;","B  55   ; C  99   ; C 106   ; D  36   ; D  55   ;","A 857   ; A 414   ; A 496   ; A 406   ; A 501   ;","none; none; none; none; none","1.68 A","./target.php?radio=27363731750055693|ruyn|857:A or 414:A or 496:A or 406:A or 501:A|0.5861,-0.2899,0.7566,-42.801,-0.6184,0.4433,0.6489,17.159,-0.5235,-0.8482,0.0805,15.281,0.0,0.0,0.0,1.0&db=afhuman&afid=Q8TCU6"
"Q14204","CYTOPLASMIC DYNEIN 1 HEAVY CHAIN 1","E; Q; E; Y; Q;","A  99   ; B  89   ; C  99   ; D  36   ; D  89   ;","A 814   ; A 841   ; A1245   ; A1211   ; A1215   ;","none; none; none; none; none","1.68 A","./target.php?radio=27363731750055693|tcrj|814:A or 841:A or 1245:A or 1211:A or 1215:A|0.8918,0.0328,0.4513,-59.123,0.0423,-0.9990,-0.0110,18.775,0.4505,0.0289,-0.8923,-6.100,0.0,0.0,0.0,1.0&db=afhuman&afid=Q14204"
"Q5T2E6","ARMADILLO-LIKE HELICAL DOMAIN-CONTAINING PROTEIN 3","Y; S; Y; Q; E;","B  36   ; B  50   ; B  55   ; B  89   ; C  99   ;","A 259   ; A 375   ; A 255   ; A 380   ; A  23   ;","none; none; none; none; none","1.68 A","./target.php?radio=27363731750055693|hfly|259:A or 375:A or 255:A or 380:A or 23:A|0.5216,-0.1203,-0.8447,-36.036,0.7117,0.6073,0.3529,20.491,0.4705,-0.7853,0.4024,25.671,0.0,0.0,0.0,1.0&db=afhuman&afid=Q5T2E6"
"Q96JI7","SPATACSIN","E; Q; Y; Y; Q;","A  99   ; B  89   ; C 106   ; D  55   ; D  89   ;","A 881   ; A 859   ; A1012   ; A1008   ; A 991   ;","none; none; none; none; none","1.69 A","./target.php?radio=27363731750055693|iylp|881:A or 859:A or 1012:A or 1008:A or 991:A|-0.4488,-0.2496,-0.8580,-54.883,-0.4973,-0.7280,0.4719,-37.510,-0.7424,0.6386,0.2026,-5.776,0.0,0.0,0.0,1.0&db=afhuman&afid=Q96JI7"
"P01031","COMPLEMENT C5","Y; Q; Y; Y; Y;","B  36   ; B  89   ; C 106   ; D  36   ; D  55   ;","A 700   ; A 284   ; A1193   ; A1143   ; A1253   ;","none; none; none; none; none","1.69 A","./target.php?radio=27363731750055693|thgs|700:A or 284:A or 1193:A or 1143:A or 1253:A|0.7642,-0.6323,0.1269,-42.702,0.3754,0.2762,-0.8847,10.919,0.5244,0.7238,0.4485,34.706,0.0,0.0,0.0,1.0&db=afhuman&afid=P01031"
"Q86WG5","MYOTUBULARIN-RELATED PROTEIN 13","E; Y; Q; Y; Q;","A  99   ; B  36   ; B  89   ; D  55   ; D  89   ;","A 953   ; A1005   ; A1464   ; A1733   ; A 939   ;","none; none; none; none; none","1.69 A","./target.php?radio=27363731750055693|fzjq|953:A or 1005:A or 1464:A or 1733:A or 939:A|-0.6766,0.1752,-0.7152,-74.624,-0.2834,0.8345,0.4726,27.113,0.6796,0.5224,-0.5150,4.237,0.0,0.0,0.0,1.0&db=afhuman&afid=Q86WG5"
"Q9UFH2","DYNEIN HEAVY CHAIN 17, AXONEMAL","E; Y; E; Y; Q;","A  99   ; B  55   ; C  99   ; D  36   ; D  89   ;","A 928   ; A 887   ; A 846   ; A 877   ; A 965   ;","none; none; none; none; none","1.70 A","./target.php?radio=27363731750055693|jjqh|928:A or 887:A or 846:A or 877:A or 965:A|-0.1376,0.9181,0.3717,-51.895,0.0734,-0.3648,0.9282,22.943,0.9878,0.1550,-0.0172,7.715,0.0,0.0,0.0,1.0&db=afhuman&afid=Q9UFH2"
"Q8IZQ1","WD REPEAT AND FYVE DOMAIN-CONTAINING PROTEIN 3","S; Q; Y; Y; Q;","B  50   ; B  89   ; D  36   ; D  55   ; D  89   ;","A 164   ; A 964   ; A 129   ; A 126   ; A 133   ;","none; none; none; none; none","1.70 A","./target.php?radio=27363731750055693|xune|164:A or 964:A or 129:A or 126:A or 133:A|0.3168,0.9481,0.0287,-22.479,0.0453,0.0151,-0.9989,-3.846,-0.9474,0.3178,-0.0382,3.127,0.0,0.0,0.0,1.0&db=afhuman&afid=Q8IZQ1"
"O75164","LYSINE-SPECIFIC DEMETHYLASE 4A","S; Y; Y; Y; Y;","B  50   ; B  55   ; C 106   ; D  36   ; D  55   ;","A 848   ; A1049   ; A 175   ; A 132   ; A 177   ;","none; none; none; none; none","1.70 A","./target.php?radio=27363731750055693|iplj|848:A or 1049:A or 175:A or 132:A or 177:A|-0.3069,0.3748,0.8749,-58.354,-0.8661,-0.4911,-0.0934,0.472,0.3946,-0.7864,0.4753,27.165,0.0,0.0,0.0,1.0&db=afhuman&afid=O75164"
"Q9HCI6","E3 SUMO-PROTEIN LIGASE KIAA1586","Y; S; E; Y; Q;","B  36   ; B  50   ; C  99   ; C 106   ; D  89   ;","A 503   ; A 509   ; A 706   ; A 333   ; A 544   ;","none; none; none; none; none","1.70 A","./target.php?radio=27363731750055693|motp|503:A or 509:A or 706:A or 333:A or 544:A|0.8770,0.1000,-0.4699,-71.416,0.0581,0.9489,0.3103,0.381,0.4769,-0.2994,0.8264,22.233,0.0,0.0,0.0,1.0&db=afhuman&afid=Q9HCI6"
"Q86XE3","CALCIUM UPTAKE PROTEIN 3, MITOCHONDRIAL","E; S; E; Y; Y;","A  99   ; B  50   ; C  99   ; D  36   ; D  55   ;","A  50   ; A  45   ; A 269   ; A 220   ; A 288   ;","none; none; none; none; none","1.70 A","./target.php?radio=27363731750055693|rqir|50:A or 45:A or 269:A or 220:A or 288:A|0.9586,-0.0528,0.2797,-56.777,0.1558,0.9197,-0.3603,6.653,-0.2382,0.3890,0.8899,7.148,0.0,0.0,0.0,1.0&db=afhuman&afid=Q86XE3"
"Q8TD84","DOWN SYNDROME CELL ADHESION MOLECULE-LIKE PROTEIN 1","S; Y; E; Y; Y;","B  50   ; B  55   ; C  99   ; C 106   ; D  55   ;","A 379   ; A 384   ; A 154   ; A 155   ; A 204   ;","none; none; none; none; none","1.70 A","./target.php?radio=27363731750055693|zojj|379:A or 384:A or 154:A or 155:A or 204:A|0.0502,0.7724,-0.6332,-70.482,0.8080,0.3412,0.4803,35.107,0.5870,-0.5357,-0.6070,4.148,0.0,0.0,0.0,1.0&db=afhuman&afid=Q8TD84"
"Q9UPW5","CYTOSOLIC CARBOXYPEPTIDASE 1","E; Y; Y; Y; Y;","A  99   ; B  55   ; C 106   ; D  36   ; D  55   ;","A 428   ; A 912   ; A 648   ; A 750   ; A 843   ;","none; none; none; none; none","1.70 A","./target.php?radio=27363731750055693|kicv|428:A or 912:A or 648:A or 750:A or 843:A|-0.2490,-0.9584,0.1393,-59.783,-0.4922,0.2491,0.8341,-16.534,-0.8341,0.1391,-0.5338,8.271,0.0,0.0,0.0,1.0&db=afhuman&afid=Q9UPW5"
"Q9UFH2","DYNEIN HEAVY CHAIN 17, AXONEMAL","E; Y; E; Y; Q;","A  99   ; B  55   ; C  99   ; D  36   ; D  89   ;","A 728   ; A 687   ; A 646   ; A 677   ; A 765   ;","none; none; none; none; none","1.70 A","./target.php?radio=27363731750055693|hwfw|728:A or 687:A or 646:A or 677:A or 765:A|0.1406,-0.8356,0.5310,-46.862,0.9860,0.1667,0.0013,15.872,-0.0896,0.5234,0.8474,14.258,0.0,0.0,0.0,1.0&db=afhuman&afid=Q9UFH2"
"Q09161","NUCLEAR CAP-BINDING PROTEIN SUBUNIT 1","E; S; Y; Q; E;","A  99   ; B  50   ; B  55   ; B  89   ; C  99   ;","A 316   ; A 176   ; A 171   ; A 235   ; A 658   ;","none; none; none; none; none","1.70 A","./target.php?radio=27363731750055693|exii|316:A or 176:A or 171:A or 235:A or 658:A|0.5805,0.7318,0.3571,-49.291,-0.2918,0.5964,-0.7478,8.593,-0.7602,0.3299,0.5597,1.265,0.0,0.0,0.0,1.0&db=afhuman&afid=Q09161"
"Q15772","STRIATED MUSCLE PREFERENTIALLY EXPRESSED PROTEIN KI","E; S; Y; Q; E;","A  99   ; B  50   ; B  55   ; B  89   ; C  99   ;","A 829   ; A 273   ; A 830   ; A 907   ; A 799   ;","none; none; none; none; none","1.71 A","./target.php?radio=27363731750055693|pecc|829:A or 273:A or 830:A or 907:A or 799:A|0.4686,0.2539,-0.8461,-67.383,0.8665,-0.3186,0.3843,34.117,-0.1720,-0.9132,-0.3694,13.052,0.0,0.0,0.0,1.0&db=afhuman&afid=Q15772"
"O00534","VON WILLEBRAND FACTOR A DOMAIN-CONTAINING PROTEIN 5","E; S; Y; Q; E;","A  99   ; B  50   ; B  55   ; B  89   ; C  99   ;","A 132   ; A 265   ; A 500   ; A 488   ; A  40   ;","none; none; none; none; none","1.71 A","./target.php?radio=27363731750055693|cmde|132:A or 265:A or 500:A or 488:A or 40:A|-0.1062,-0.9294,0.3534,-48.246,-0.8778,0.2546,0.4058,23.404,-0.4671,-0.2671,-0.8429,8.144,0.0,0.0,0.0,1.0&db=afhuman&afid=O00534"
"Q9BQS7","HEPHAESTIN","S; Y; E; Y; Y;","B  50   ; B  55   ; C  99   ; C 106   ; D  55   ;","A 401   ; A 698   ; A 235   ; A  73   ; A  39   ;","none; none; none; none; none","1.71 A","./target.php?radio=27363731750055693|kbgc|401:A or 698:A or 235:A or 73:A or 39:A|-0.9756,-0.0009,0.2198,-57.391,-0.0369,-0.9852,-0.1677,5.786,0.2167,-0.1717,0.9610,13.646,0.0,0.0,0.0,1.0&db=afhuman&afid=Q9BQS7"
"P08519","APOLIPOPROTEIN(A)","Y; Y; Y; Y; Y;","B  36   ; B  55   ; C 106   ; D  36   ; D  55   ;","A1051   ; A1053   ; A 688   ; A 709   ; A 689   ;","none; none; none; none; none","1.71 A","./target.php?radio=27363731750055693|niyv|1051:A or 1053:A or 688:A or 709:A or 689:A|0.0822,0.8573,0.5082,-59.821,0.9534,0.0809,-0.2907,12.893,-0.2903,0.5084,-0.8107,30.091,0.0,0.0,0.0,1.0&db=afhuman&afid=P08519"
"Q15910","HISTONE-LYSINE N-METHYLTRANSFERASE EZH2","E; S; Y; Y; Q;","A  99   ; B  50   ; D  36   ; D  55   ; D  89   ;","A 239   ; A 228   ; A 736   ; A 728   ; A 648   ;","none; none; none; none; none","1.71 A","./target.php?radio=27363731750055693|eejc|239:A or 228:A or 736:A or 728:A or 648:A|-0.7578,-0.6469,-0.0851,-72.862,-0.6394,0.7103,0.2943,17.093,-0.1300,0.2775,-0.9519,11.978,0.0,0.0,0.0,1.0&db=afhuman&afid=Q15910"
"Q9NQZ2","SOMETHING ABOUT SILENCING PROTEIN 10","E; Y; S; Y; Y;","A  99   ; B  36   ; B  50   ; D  36   ; D  55   ;","A  73   ; A 461   ; A 466   ; A 379   ; A 378   ;","none; none; none; none; none","1.71 A","./target.php?radio=27363731750055693|ivfj|73:A or 461:A or 466:A or 379:A or 378:A|-0.7483,0.4007,0.5287,-81.853,-0.0326,0.7738,-0.6326,32.650,-0.6626,-0.4906,-0.5659,18.695,0.0,0.0,0.0,1.0&db=afhuman&afid=Q9NQZ2"
"P46019","PHOSPHORYLASE B KINASE REGULATORY SUBUNIT ALPHA, LI","Y; Q; Y; Y; Q;","B  55   ; B  89   ; C 106   ; D  55   ; D  89   ;","A1136   ; A1166   ; A 784   ; A 781   ; A 883   ;","none; none; none; none; none","1.71 A","./target.php?radio=27363731750055693|dsia|1136:A or 1166:A or 784:A or 781:A or 883:A|0.1464,0.5657,-0.8115,-62.765,0.3257,-0.8021,-0.5005,30.605,-0.9341,-0.1911,-0.3017,39.558,0.0,0.0,0.0,1.0&db=afhuman&afid=P46019"
"P53621","COATOMER SUBUNIT ALPHA","E; Y; S; Y; Q;","A  99   ; B  36   ; B  50   ; B  55   ; D  89   ;","A1086   ; A1177   ; A1172   ; A1090   ; A1139   ;","none; none; none; none; none","1.71 A","./target.php?radio=27363731750055693|nmgj|1086:A or 1177:A or 1172:A or 1090:A or 1139:A|0.3419,-0.0684,-0.9373,31.034,-0.8252,0.4553,-0.3342,-28.944,0.4496,0.8877,0.0992,71.943,0.0,0.0,0.0,1.0&db=afhuman&afid=P53621"
"P24468","COUP TRANSCRIPTION FACTOR 2","Y; S; Q; E; Y;","B  36   ; B  50   ; B  89   ; C  99   ; C 106   ;","A 113   ; A 101   ; A 132   ; A 311   ; A 353   ;","none; none; none; none; none","1.71 A","./target.php?radio=27363731750055693|cfaw|113:A or 101:A or 132:A or 311:A or 353:A|-0.8846,0.4096,0.2229,-73.512,-0.3793,-0.9100,0.1672,-0.278,0.2713,0.0634,0.9604,8.008,0.0,0.0,0.0,1.0&db=afhuman&afid=P24468"
"Q15386","UBIQUITIN-PROTEIN LIGASE E3C","E; Y; Y; Y; Q;","A  99   ; C 106   ; D  36   ; D  55   ; D  89   ;","A 877   ; A 329   ; A 341   ; A 294   ; A 404   ;","none; none; none; none; none","1.71 A","./target.php?radio=27363731750055693|xzyz|877:A or 329:A or 341:A or 294:A or 404:A|0.8939,0.4171,-0.1641,-57.565,-0.4305,0.6967,-0.5739,0.865,-0.1251,0.5837,0.8023,-8.015,0.0,0.0,0.0,1.0&db=afhuman&afid=Q15386"
"O94823","PHOSPHOLIPID-TRANSPORTING ATPASE VB","E; S; Q; E; Y;","A  99   ; B  50   ; B  89   ; C  99   ; D  55   ;","A1246   ; A1198   ; A1205   ; A 476   ; A 480   ;","none; none; none; none; none","1.71 A","./target.php?radio=27363731750055693|gjnb|1246:A or 1198:A or 1205:A or 476:A or 480:A|0.3581,-0.4500,-0.8181,-59.067,0.8939,-0.0879,0.4396,26.598,-0.2697,-0.8887,0.3708,38.718,0.0,0.0,0.0,1.0&db=afhuman&afid=O94823"
"Q5TBA9","PROTEIN FURRY HOMOLOG","E; Y; S; Y; Y;","A  99   ; B  36   ; B  50   ; B  55   ; D  36   ;","A  23   ; A  79   ; A  86   ; A 118   ; A  33   ;","none; none; none; none; none","1.71 A","./target.php?radio=27363731750055693|nrqi|23:A or 79:A or 86:A or 118:A or 33:A|0.5800,0.7715,-0.2615,-76.024,0.5778,-0.6158,-0.5356,-49.552,-0.5743,0.1596,-0.8030,-3.280,0.0,0.0,0.0,1.0&db=afhuman&afid=Q5TBA9"
"Q9UKP5","A DISINTEGRIN AND METALLOPROTEINASE WITH THROMBOSPO","S; E; Y; Y; Q;","B  50   ; C  99   ; D  36   ; D  55   ; D  89   ;","A 334   ; A 509   ; A 494   ; A 202   ; A 493   ;","none; none; none; none; none","1.72 A","./target.php?radio=27363731750055693|qemr|334:A or 509:A or 494:A or 202:A or 493:A|0.2372,-0.9489,-0.2081,-56.314,-0.2161,0.1573,-0.9636,26.128,0.9471,0.2736,-0.1677,24.653,0.0,0.0,0.0,1.0&db=afhuman&afid=Q9UKP5"
"Q6NUT2","PROBABLE C-MANNOSYLTRANSFERASE DPY19L2","Y; Q; E; Y; Q;","B  55   ; B  89   ; C  99   ; D  55   ; D  89   ;","A 359   ; A 416   ; A 149   ; A 153   ; A 342   ;","none; none; none; none; none","1.72 A","./target.php?radio=27363731750055693|zyxd|359:A or 416:A or 149:A or 153:A or 342:A|-0.8723,-0.4353,0.2229,-70.674,0.4580,-0.5675,0.6842,4.925,-0.1713,0.6989,0.6944,18.740,0.0,0.0,0.0,1.0&db=afhuman&afid=Q6NUT2"
"Q70CQ1","UBIQUITIN CARBOXYL-TERMINAL HYDROLASE 49","E; Y; Y; Y; Q;","A  99   ; C 106   ; D  36   ; D  55   ; D  89   ;","A 170   ; A 650   ; A 263   ; A 616   ; A 398   ;","none; none; none; none; none","1.72 A","./target.php?radio=27363731750055693|wyvc|170:A or 650:A or 263:A or 616:A or 398:A|0.5056,0.7729,0.3835,-81.135,-0.7527,0.1779,0.6339,3.013,0.4217,-0.6091,0.6717,12.892,0.0,0.0,0.0,1.0&db=afhuman&afid=Q70CQ1"
"P03956","INTERSTITIAL COLLAGENASE","E; S; Y; Y; Y;","A  99   ; B  50   ; B  55   ; D  36   ; D  55   ;","A 339   ; A 367   ; A 360   ; A  37   ; A  42   ;","none; none; none; none; none","1.72 A","./target.php?radio=27363731750055693|vzph|339:A or 367:A or 360:A or 37:A or 42:A|0.8971,-0.4032,0.1808,-51.018,0.2827,0.2092,-0.9361,2.495,0.3396,0.8909,0.3017,23.591,0.0,0.0,0.0,1.0&db=afhuman&afid=P03956"
"Q12772","STEROL REGULATORY ELEMENT-BINDING PROTEIN 2","S; Y; E; Y; Y;","B  50   ; B  55   ; C  99   ; D  36   ; D  55   ;","A 914   ; A 786   ; A 702   ; A 738   ; A 626   ;","none; none; none; none; none","1.72 A","./target.php?radio=27363731750055693|yvko|914:A or 786:A or 702:A or 738:A or 626:A|-0.4138,0.3044,0.8579,-52.145,0.4082,-0.7803,0.4738,13.519,0.8137,0.5462,0.1987,17.850,0.0,0.0,0.0,1.0&db=afhuman&afid=Q12772"
"Q14204","CYTOPLASMIC DYNEIN 1 HEAVY CHAIN 1","E; Q; E; Y; Q;","A  99   ; B  89   ; C  99   ; D  36   ; D  89   ;","A 614   ; A 641   ; A1045   ; A1011   ; A1015   ;","none; none; none; none; none","1.72 A","./target.php?radio=27363731750055693|xrke|614:A or 641:A or 1045:A or 1011:A or 1015:A|0.2857,0.9358,-0.2066,-64.157,0.7140,-0.0640,0.6972,14.227,0.6392,-0.3467,-0.6865,-6.765,0.0,0.0,0.0,1.0&db=afhuman&afid=Q14204"
"Q9Y4X5","E3 UBIQUITIN-PROTEIN LIGASE ARIH1","Y; S; Y; Q; Y;","B  36   ; B  50   ; B  55   ; B  89   ; D  55   ;","A 476   ; A 488   ; A 417   ; A 495   ; A   9   ;","none; none; none; none; none","1.72 A","./target.php?radio=27363731750055693|yayd|476:A or 488:A or 417:A or 495:A or 9:A|-0.5493,0.8162,-0.1792,-26.232,0.5737,0.2125,-0.7910,-1.479,-0.6076,-0.5373,-0.5849,6.652,0.0,0.0,0.0,1.0&db=afhuman&afid=Q9Y4X5"
"Q01433","AMP DEAMINASE 2","E; Y; Q; E; Q;","A  99   ; B  36   ; B  89   ; C  99   ; D  89   ;","A 823   ; A 269   ; A 272   ; A 531   ; A 535   ;","none; none; none; none; none","1.73 A","./target.php?radio=27363731750055693|qepd|823:A or 269:A or 272:A or 531:A or 535:A|0.9361,-0.2183,-0.2757,-56.522,-0.1425,-0.9522,0.2701,9.991,-0.3215,-0.2136,-0.9225,-1.272,0.0,0.0,0.0,1.0&db=afhuman&afid=Q01433"
"Q8IWW6","RHO GTPASE-ACTIVATING PROTEIN 12","E; E; Y; Y; Q;","A  99   ; C  99   ; D  36   ; D  55   ; D  89   ;","A 270   ; A 345   ; A 376   ; A 355   ; A 374   ;","none; none; none; none; none","1.73 A","./target.php?radio=27363731750055693|ddcz|270:A or 345:A or 376:A or 355:A or 374:A|-0.5999,-0.7615,0.2455,-50.948,0.7558,-0.4386,0.4862,-27.413,-0.2626,0.4772,0.8386,-4.622,0.0,0.0,0.0,1.0&db=afhuman&afid=Q8IWW6"
"Q8IZT6","ABNORMAL SPINDLE-LIKE MICROCEPHALY-ASSOCIATED PROTE","Y; Y; Q; Y; Q;","B  36   ; B  55   ; B  89   ; D  55   ; D  89   ;","A1373   ; A1370   ; A1377   ; A1341   ; A1348   ;","none; none; none; none; none","1.73 A","./target.php?radio=27363731750055693|pbkc|1373:A or 1370:A or 1377:A or 1341:A or 1348:A|-0.5843,0.5726,0.5751,-109.788,-0.4926,-0.8134,0.3094,11.548,0.6449,-0.1025,0.7573,-4.788,0.0,0.0,0.0,1.0&db=afhuman&afid=Q8IZT6"
"Q63HN8","E3 UBIQUITIN-PROTEIN LIGASE RNF213","E; Y; S; E; Q;","A  99   ; B  36   ; B  50   ; C  99   ; D  89   ;","A 749   ; A 739   ; A 573   ; A1117   ; A 853   ;","none; none; none; none; none","1.73 A","./target.php?radio=27363731750055693|sebb|749:A or 739:A or 573:A or 1117:A or 853:A|0.4150,-0.6727,-0.6125,-40.991,0.0887,0.6999,-0.7087,20.508,0.9055,0.2398,0.3501,32.698,0.0,0.0,0.0,1.0&db=afhuman&afid=Q63HN8"
"Q96F07","CYTOPLASMIC FMR1-INTERACTING PROTEIN 2","Y; Y; Q; E; Q;","B  36   ; B  55   ; B  89   ; C  99   ; D  89   ;","A 249   ; A 254   ; A 301   ; A 521   ; A 488   ;","none; none; none; none; none","1.73 A","./target.php?radio=27363731750055693|uthp|249:A or 254:A or 301:A or 521:A or 488:A|0.2129,-0.9767,-0.0267,-30.530,-0.0229,0.0224,-0.9995,29.519,0.9768,0.2134,-0.0176,51.268,0.0,0.0,0.0,1.0&db=afhuman&afid=Q96F07"
"P47736","RAP1 GTPASE-ACTIVATING PROTEIN 1","E; S; Y; Y; Y;","A  99   ; B  50   ; B  55   ; C 106   ; D  55   ;","A 399   ; A 405   ; A 398   ; A 317   ; A  54   ;","none; none; none; none; none","1.73 A","./target.php?radio=27363731750055693|bhyg|399:A or 405:A or 398:A or 317:A or 54:A|0.7304,0.0427,-0.6817,-62.193,0.1226,0.9736,0.1923,4.703,0.6719,-0.2241,0.7059,30.580,0.0,0.0,0.0,1.0&db=afhuman&afid=P47736"
"Q5VU97","VWFA AND CACHE DOMAIN-CONTAINING PROTEIN 1","E; S; Y; Q; Y;","A  99   ; B  50   ; B  55   ; B  89   ; D  55   ;","A  84   ; A 502   ; A 499   ; A 615   ; A 474   ;","none; none; none; none; none","1.74 A","./target.php?radio=27363731750055693|rysf|84:A or 502:A or 499:A or 615:A or 474:A|-0.9570,0.0098,0.2899,-42.417,0.2894,-0.0370,0.9565,-1.202,0.0201,0.9993,0.0325,25.680,0.0,0.0,0.0,1.0&db=afhuman&afid=Q5VU97"
"Q5VSL9","STRIATIN-INTERACTING PROTEIN 1","E; E; Y; Y; Q;","A  99   ; C  99   ; C 106   ; D  36   ; D  89   ;","A  71   ; A 499   ; A 489   ; A 783   ; A 596   ;","none; none; none; none; none","1.74 A","./target.php?radio=27363731750055693|ylzw|71:A or 499:A or 489:A or 783:A or 596:A|0.4084,-0.2454,0.8792,-50.120,-0.4514,-0.8914,-0.0391,5.692,0.7934,-0.3809,-0.4748,7.458,0.0,0.0,0.0,1.0&db=afhuman&afid=Q5VSL9"
"O94955","RHO-RELATED BTB DOMAIN-CONTAINING PROTEIN 3","Y; S; Y; E; Q;","B  36   ; B  50   ; B  55   ; C  99   ; D  89   ;","A 348   ; A 278   ; A 406   ; A 525   ; A 517   ;","none; none; none; none; none","1.74 A","./target.php?radio=27363731750055693|ejmv|348:A or 278:A or 406:A or 525:A or 517:A|0.2374,-0.1638,-0.9575,-51.590,0.8600,0.4937,0.1288,11.801,0.4516,-0.8541,0.2581,16.139,0.0,0.0,0.0,1.0&db=afhuman&afid=O94955"
"Q96DT5","DYNEIN HEAVY CHAIN 11, AXONEMAL","E; Y; E; Y; Q;","A  99   ; B  55   ; C  99   ; D  36   ; D  89   ;","A 782   ; A 741   ; A 701   ; A 731   ; A 819   ;","none; none; none; none; none","1.74 A","./target.php?radio=27363731750055693|rsvv|782:A or 741:A or 701:A or 731:A or 819:A|-0.6666,0.4884,-0.5632,-47.890,-0.3385,0.4748,0.8124,19.338,0.6641,0.7322,-0.1511,14.752,0.0,0.0,0.0,1.0&db=afhuman&afid=Q96DT5"
"Q13325","INTERFERON-INDUCED PROTEIN WITH TETRATRICOPEPTIDE R","Y; Q; E; Y; Q;","B  36   ; B  89   ; C  99   ; D  55   ; D  89   ;","A 445   ; A 453   ; A 235   ; A 259   ; A 226   ;","none; none; none; none; none","1.74 A","./target.php?radio=27363731750055693|uazc|445:A or 453:A or 235:A or 259:A or 226:A|0.4791,0.8753,0.0660,-58.928,0.8377,-0.4784,0.2634,-6.898,0.2621,-0.0709,-0.9624,1.408,0.0,0.0,0.0,1.0&db=afhuman&afid=Q13325"
"Q8NFZ0","F-BOX DNA HELICASE 1","E; Y; S; Q; E;","A  99   ; B  36   ; B  50   ; B  89   ; C  99   ;","A 707   ; A 411   ; A 356   ; A 362   ; A 829   ;","none; none; none; none; none","1.74 A","./target.php?radio=27363731750055693|vphu|707:A or 411:A or 356:A or 362:A or 829:A|0.6257,-0.0985,-0.7738,-50.314,-0.6726,0.4343,-0.5991,12.192,0.3951,0.8954,0.2055,8.857,0.0,0.0,0.0,1.0&db=afhuman&afid=Q8NFZ0"
"Q7L014","PROBABLE ATP-DEPENDENT RNA HELICASE DDX46","Y; Y; E; Y; Q;","B  36   ; B  55   ; C  99   ; D  55   ; D  89   ;","A 720   ; A 718   ; A 338   ; A 336   ; A 401   ;","none; none; none; none; none","1.74 A","./target.php?radio=27363731750055693|bfuu|720:A or 718:A or 338:A or 336:A or 401:A|-0.6803,-0.4540,0.5754,-48.115,-0.5663,0.8240,-0.0194,-12.971,-0.4653,-0.3391,-0.8176,8.210,0.0,0.0,0.0,1.0&db=afhuman&afid=Q7L014"
"O95602","DNA-DIRECTED RNA POLYMERASE I SUBUNIT RPA1","E; Y; Y; Y; Q;","A  99   ; B  55   ; C 106   ; D  55   ; D  89   ;","A1430   ; A1427   ; A  38   ; A  51   ; A 324   ;","none; none; none; none; none","1.74 A","./target.php?radio=27363731750055693|lzye|1430:A or 1427:A or 38:A or 51:A or 324:A|0.7008,-0.5671,-0.4327,-29.046,-0.6268,-0.7791,0.0059,-0.283,-0.3405,0.2671,-0.9015,2.114,0.0,0.0,0.0,1.0&db=afhuman&afid=O95602"
"Q96QV1","HEDGEHOG-INTERACTING PROTEIN","E; Y; S; Y; Q;","A  99   ; B  36   ; B  50   ; B  55   ; D  89   ;","A 221   ; A 546   ; A 568   ; A 580   ; A 599   ;","none; none; none; none; none","1.75 A","./target.php?radio=27363731750055693|iuer|221:A or 546:A or 568:A or 580:A or 599:A|-0.7551,-0.5847,0.2964,-51.308,-0.6538,0.6382,-0.4066,-4.169,0.0486,-0.5008,-0.8642,26.104,0.0,0.0,0.0,1.0&db=afhuman&afid=Q96QV1"
"P52701","DNA MISMATCH REPAIR PROTEIN MSH6","Y; S; E; Y; Q;","B  36   ; B  50   ; C  99   ; D  36   ; D  89   ;","A 505   ; A 405   ; A 533   ; A 524   ; A 522   ;","none; none; none; none; none","1.75 A","./target.php?radio=27363731750055693|hllc|505:A or 405:A or 533:A or 524:A or 522:A|-0.6534,-0.4380,0.6174,-78.232,0.0500,-0.8388,-0.5422,6.632,0.7553,-0.3234,0.5700,13.319,0.0,0.0,0.0,1.0&db=afhuman&afid=P52701"
"Q8IZT6","ABNORMAL SPINDLE-LIKE MICROCEPHALY-ASSOCIATED PROTE","Y; Q; Y; Y; Q;","B  55   ; B  89   ; D  36   ; D  55   ; D  89   ;","A  38   ; A  45   ; A  15   ; A  12   ; A  19   ;","none; none; none; none; none","1.75 A","./target.php?radio=27363731750055693|fjlh|38:A or 45:A or 15:A or 12:A or 19:A|-0.3169,-0.2836,0.9050,30.116,-0.6681,-0.6105,-0.4253,74.673,0.6732,-0.7394,0.0040,-0.133,0.0,0.0,0.0,1.0&db=afhuman&afid=Q8IZT6"
"Q96PN6","ADENYLATE CYCLASE TYPE 10","E; Y; Q; E; Y;","A  99   ; B  36   ; B  89   ; C  99   ; D  36   ;","A1370   ; A1406   ; A1405   ; A1005   ; A 975   ;","none; none; none; none; none","1.75 A","./target.php?radio=27363731750055693|gigw|1370:A or 1406:A or 1405:A or 1005:A or 975:A|-0.2461,0.9343,0.2581,-37.113,0.5462,-0.0863,0.8332,2.193,0.8007,0.3460,-0.4891,30.216,0.0,0.0,0.0,1.0&db=afhuman&afid=Q96PN6"
"O60566","MITOTIC CHECKPOINT SERINE/THREONINE-PROTEIN KINASE","Y; S; Y; E; Y;","B  36   ; B  50   ; B  55   ; C  99   ; D  55   ;","A 398   ; A 367   ; A 404   ; A 177   ; A 155   ;","none; none; none; none; none","1.75 A","./target.php?radio=27363731750055693|qanh|398:A or 367:A or 404:A or 177:A or 155:A|0.5767,-0.0358,0.8162,-36.585,-0.6562,0.5748,0.4889,22.464,-0.4866,-0.8175,0.3080,37.288,0.0,0.0,0.0,1.0&db=afhuman&afid=O60566"
"Q15760","PROBABLE G-PROTEIN COUPLED RECEPTOR 19","Y; S; E; Y; Q;","B  36   ; B  50   ; C  99   ; C 106   ; D  89   ;","A 165   ; A 176   ; A 302   ; A 305   ; A 296   ;","none; none; none; none; none","1.75 A","./target.php?radio=27363731750055693|nwsw|165:A or 176:A or 302:A or 305:A or 296:A|-0.6428,-0.1008,0.7594,-53.755,0.6007,0.5487,0.5814,8.853,-0.4753,0.8299,-0.2921,15.402,0.0,0.0,0.0,1.0&db=afhuman&afid=Q15760"
"Q9Y485","DMX-LIKE PROTEIN 1","S; Y; Q; Y; Q;","B  50   ; B  55   ; B  89   ; C 106   ; D  89   ;","A 126   ; A  20   ; A 131   ; A 843   ; A 866   ;","none; none; none; none; none","1.75 A","./target.php?radio=27363731750055693|duvf|126:A or 20:A or 131:A or 843:A or 866:A|-0.1729,-0.3328,0.9270,-67.006,-0.9738,0.1987,-0.1103,26.597,-0.1475,-0.9218,-0.3584,24.835,0.0,0.0,0.0,1.0&db=afhuman&afid=Q9Y485"
"Q9H2A2","2-AMINOMUCONIC SEMIALDEHYDE DEHYDROGENASE","E; E; Y; Y; Q;","A  99   ; C  99   ; C 106   ; D  36   ; D  89   ;","A 223   ; A 390   ; A 341   ; A 417   ; A 233   ;","none; none; none; none; none","1.75 A","./target.php?radio=27363731750055693|ckvo|223:A or 390:A or 341:A or 417:A or 233:A|-0.7904,-0.4971,0.3581,-59.255,-0.3704,0.8533,0.3670,-3.458,-0.4880,0.1574,-0.8585,21.751,0.0,0.0,0.0,1.0&db=afhuman&afid=Q9H2A2"
"Q13585","MELATONIN-RELATED RECEPTOR","Y; S; Q; Y; Y;","B  36   ; B  50   ; B  89   ; C 106   ; D  55   ;","A 171   ; A  90   ; A  20   ; A 129   ; A 136   ;","none; none; none; none; none","1.75 A","./target.php?radio=27363731750055693|nfwc|171:A or 90:A or 20:A or 129:A or 136:A|0.8307,-0.4144,-0.3719,-51.728,0.4345,0.9001,-0.0323,8.391,0.3481,-0.1347,0.9277,19.321,0.0,0.0,0.0,1.0&db=afhuman&afid=Q13585"
"Q7Z6Z7","E3 UBIQUITIN-PROTEIN LIGASE HUWE1","E; S; Y; Y; Q;","A  99   ; B  50   ; B  55   ; C 106   ; D  89   ;","A1072   ; A1030   ; A1078   ; A1268   ; A1321   ;","none; none; none; none; none","1.75 A","./target.php?radio=27363731750055693|ioci|1072:A or 1030:A or 1078:A or 1268:A or 1321:A|0.1062,-0.9943,-0.0050,-49.077,0.6290,0.0633,0.7748,8.756,-0.7701,-0.0855,0.6322,37.457,0.0,0.0,0.0,1.0&db=afhuman&afid=Q7Z6Z7"
"P08519","APOLIPOPROTEIN(A)","Y; Q; E; Y; Q;","B  36   ; B  89   ; C  99   ; D  36   ; D  89   ;","A 823   ; A 898   ; A 436   ; A 481   ; A 556   ;","none; none; none; none; none","1.75 A","./target.php?radio=27363731750055693|asrf|823:A or 898:A or 436:A or 481:A or 556:A|0.5921,-0.7829,0.1912,-65.958,-0.5516,-0.2207,0.8044,1.684,-0.5875,-0.5817,-0.5625,-5.679,0.0,0.0,0.0,1.0&db=afhuman&afid=P08519"
"Q9Y5Q9","GENERAL TRANSCRIPTION FACTOR 3C POLYPEPTIDE 3","E; S; E; Y; Q;","A  99   ; B  50   ; C  99   ; D  36   ; D  89   ;","A  32   ; A   5   ; A 347   ; A 336   ; A 341   ;","none; none; none; none; none","1.76 A","./target.php?radio=27363731750055693|lbdk|32:A or 5:A or 347:A or 336:A or 341:A|0.8355,-0.1235,-0.5354,-30.869,-0.5370,-0.3903,-0.7479,-0.162,-0.1166,0.9123,-0.3925,15.550,0.0,0.0,0.0,1.0&db=afhuman&afid=Q9Y5Q9"
"P02787","SEROTRANSFERRIN","E; S; E; Y; Y;","A  99   ; B  50   ; C  99   ; D  36   ; D  55   ;","A 386   ; A 381   ; A 102   ; A 114   ; A 104   ;","none; none; none; none; none","1.76 A","./target.php?radio=27363731750055693|rsog|386:A or 381:A or 102:A or 114:A or 104:A|-0.0275,-0.6618,-0.7491,-57.519,-0.3269,0.7142,-0.6189,7.113,0.9446,0.2279,-0.2360,22.364,0.0,0.0,0.0,1.0&db=afhuman&afid=P02787"
"Q6P1R3","MYB/SANT-LIKE DNA-BINDING DOMAIN-CONTAINING PROTEIN","Y; S; Y; E; Y;","B  36   ; B  50   ; B  55   ; C  99   ; C 106   ;","A 332   ; A 336   ; A 348   ; A 108   ; A 158   ;","none; none; none; none; none","1.76 A","./target.php?radio=27363731750055693|zvqr|332:A or 336:A or 348:A or 108:A or 158:A|-0.8480,0.4132,0.3320,-32.996,-0.1037,-0.7436,0.6605,22.036,0.5198,0.5256,0.6734,22.677,0.0,0.0,0.0,1.0&db=afhuman&afid=Q6P1R3"
"O43272","PROLINE DEHYDROGENASE 1, MITOCHONDRIAL","E; E; Y; Y; Q;","A  99   ; C  99   ; C 106   ; D  36   ; D  89   ;","A 296   ; A 450   ; A 415   ; A 459   ; A 180   ;","none; none; none; none; none","1.76 A","./target.php?radio=27363731750055693|fbpl|296:A or 450:A or 415:A or 459:A or 180:A|-0.7091,0.0421,0.7039,-81.185,-0.1012,0.9818,-0.1607,10.578,-0.6978,-0.1852,-0.6919,23.077,0.0,0.0,0.0,1.0&db=afhuman&afid=O43272"
"Q9NXE4","SPHINGOMYELIN PHOSPHODIESTERASE 4","E; Y; Y; Q; E;","A  99   ; B  36   ; B  55   ; B  89   ; C  99   ;","A 163   ; A 318   ; A 355   ; A 322   ; A  37   ;","none; none; none; none; none","1.76 A","./target.php?radio=27363731750055693|eope|163:A or 318:A or 355:A or 322:A or 37:A|-0.0272,0.0410,0.9988,-29.271,0.0245,0.9989,-0.0404,-4.105,-0.9993,0.0234,-0.0281,2.293,0.0,0.0,0.0,1.0&db=afhuman&afid=Q9NXE4"
"Q9P2S2","NEUREXIN-2","S; Y; Q; E; Q;","B  50   ; B  55   ; B  89   ; C  99   ; D  89   ;","A 939   ; A 766   ; A 935   ; A 633   ; A 890   ;","none; none; none; none; none","1.76 A","./target.php?radio=27363731750055693|dzbc|939:A or 766:A or 935:A or 633:A or 890:A|-0.2072,-0.2848,0.9359,-65.460,0.5188,-0.8431,-0.1417,13.566,0.8294,0.4562,0.3224,20.894,0.0,0.0,0.0,1.0&db=afhuman&afid=Q9P2S2"
"Q5JSL3","DEDICATOR OF CYTOKINESIS PROTEIN 11","E; Y; Y; E; Y;","A  99   ; B  36   ; B  55   ; C  99   ; C 106   ;","A 343   ; A1135   ; A1277   ; A 321   ; A 318   ;","none; none; none; none; none","1.76 A","./target.php?radio=27363731750055693|txqg|343:A or 1135:A or 1277:A or 321:A or 318:A|-0.8999,0.3788,-0.2159,-47.312,-0.2343,-0.0024,0.9722,17.125,0.3678,0.9255,0.0910,15.535,0.0,0.0,0.0,1.0&db=afhuman&afid=Q5JSL3"
"Q7Z443","POLYCYSTIC KIDNEY DISEASE PROTEIN 1-LIKE 3","E; Q; E; Y; Q;","A  99   ; B  89   ; C  99   ; C 106   ; D  89   ;","A1423   ; A1536   ; A1178   ; A1175   ; A1183   ;","none; none; none; none; none","1.76 A","./target.php?radio=27363731750055693|juxq|1423:A or 1536:A or 1178:A or 1175:A or 1183:A|0.5725,0.7810,0.2493,-60.226,0.0257,0.2869,-0.9576,-13.746,-0.8195,0.5547,0.1442,32.180,0.0,0.0,0.0,1.0&db=afhuman&afid=Q7Z443"
"Q8N1T3","UNCONVENTIONAL MYOSIN-IH","E; Q; E; Y; Q;","A  99   ; B  89   ; C  99   ; C 106   ; D  89   ;","A 147   ; A 207   ; A   2   ; A 634   ; A  14   ;","none; none; none; none; none","1.76 A","./target.php?radio=27363731750055693|bzhn|147:A or 207:A or 2:A or 634:A or 14:A|0.8774,0.4222,-0.2277,-58.187,0.4067,-0.9065,-0.1133,8.170,-0.2543,0.0067,-0.9671,14.926,0.0,0.0,0.0,1.0&db=afhuman&afid=Q8N1T3"
"Q15413","RYANODINE RECEPTOR 3","E; S; Y; Y; Q;","A  99   ; B  50   ; B  55   ; D  36   ; D  89   ;","A 696   ; A 689   ; A 677   ; A 827   ; A 823   ;","none; none; none; none; none","1.76 A","./target.php?radio=27363731750055693|frps|696:A or 689:A or 677:A or 827:A or 823:A|0.7111,0.5296,-0.4625,-23.320,-0.1327,-0.5448,-0.8280,-4.582,-0.6905,0.6502,-0.3170,-1.444,0.0,0.0,0.0,1.0&db=afhuman&afid=Q15413"
"Q96DT5","DYNEIN HEAVY CHAIN 11, AXONEMAL","E; Y; E; Y; Q;","A  99   ; B  55   ; C  99   ; D  36   ; D  89   ;","A 582   ; A 541   ; A 501   ; A 531   ; A 619   ;","none; none; none; none; none","1.76 A","./target.php?radio=27363731750055693|fqge|582:A or 541:A or 501:A or 531:A or 619:A|0.5598,-0.7012,-0.4415,-48.590,-0.8261,-0.4307,-0.3635,11.125,0.0647,0.5682,-0.8203,19.198,0.0,0.0,0.0,1.0&db=afhuman&afid=Q96DT5"
"Q14204","CYTOPLASMIC DYNEIN 1 HEAVY CHAIN 1","E; Q; E; Y; Q;","A  99   ; B  89   ; C  99   ; D  36   ; D  89   ;","A 214   ; A 241   ; A 645   ; A 611   ; A 615   ;","none; none; none; none; none","1.76 A","./target.php?radio=27363731750055693|orbw|214:A or 241:A or 645:A or 611:A or 615:A|0.2432,-0.4082,0.8799,-68.338,-0.1361,0.8838,0.4477,1.521,-0.9604,-0.2286,0.1594,-12.111,0.0,0.0,0.0,1.0&db=afhuman&afid=Q14204"
"Q9UKP5","A DISINTEGRIN AND METALLOPROTEINASE WITH THROMBOSPO","E; Y; S; Y; Q;","A  99   ; B  36   ; B  50   ; B  55   ; B  89   ;","A 509   ; A 494   ; A 205   ; A 202   ; A 493   ;","none; none; none; none; none","1.76 A","./target.php?radio=27363731750055693|qemr|509:A or 494:A or 205:A or 202:A or 493:A|0.1723,-0.9781,-0.1163,-23.676,-0.1888,0.0831,-0.9785,43.116,0.9668,0.1906,-0.1703,24.807,0.0,0.0,0.0,1.0&db=afhuman&afid=Q9UKP5"
"Q8TDN7","ALKALINE CERAMIDASE 1","Y; Y; Q; Y; Y;","B  36   ; B  55   ; B  89   ; C 106   ; D  36   ;","A  21   ; A 204   ; A  20   ; A 231   ; A  51   ;","none; none; none; none; none","1.76 A","./target.php?radio=27363731750055693|evht|21:A or 204:A or 20:A or 231:A or 51:A|0.1990,-0.3002,-0.9329,-59.575,0.9534,0.2796,0.1134,15.787,0.2268,-0.9120,0.3418,16.014,0.0,0.0,0.0,1.0&db=afhuman&afid=Q8TDN7"
"Q5T4S7","E3 UBIQUITIN-PROTEIN LIGASE UBR4","E; S; Q; Y; Q;","A  99   ; B  50   ; B  89   ; D  36   ; D  89   ;","A 387   ; A 384   ; A 341   ; A 599   ; A 560   ;","none; none; none; none; none","1.76 A","./target.php?radio=27363731750055693|dtqb|387:A or 384:A or 341:A or 599:A or 560:A|-0.3238,0.7213,0.6122,-71.309,-0.7858,-0.5654,0.2506,-35.721,0.5270,-0.3999,0.7499,-5.594,0.0,0.0,0.0,1.0&db=afhuman&afid=Q5T4S7"
"P19174","1-PHOSPHATIDYLINOSITOL 4,5-BISPHOSPHATE PHOSPHODIES","Y; Q; E; Y; Q;","B  55   ; B  89   ; C  99   ; D  55   ; D  89   ;","A 379   ; A 421   ; A1113   ; A1162   ; A1048   ;","none; none; none; none; none","1.77 A","./target.php?radio=27363731750055693|hrul|379:A or 421:A or 1113:A or 1162:A or 1048:A|0.5999,-0.7367,-0.3121,-56.026,-0.1072,0.3125,-0.9438,-5.320,0.7929,0.5997,0.1085,12.903,0.0,0.0,0.0,1.0&db=afhuman&afid=P19174"
"Q96N67","DEDICATOR OF CYTOKINESIS PROTEIN 7","Y; S; Q; E; Q;","B  36   ; B  50   ; B  89   ; C  99   ; D  89   ;","A1768   ; A1600   ; A1692   ; A1175   ; A1355   ;","none; none; none; none; none","1.77 A","./target.php?radio=27363731750055693|myfp|1768:A or 1600:A or 1692:A or 1175:A or 1355:A|-0.8412,0.2697,0.4686,-76.692,0.1345,0.9439,-0.3017,41.885,-0.5237,-0.1908,-0.8303,19.755,0.0,0.0,0.0,1.0&db=afhuman&afid=Q96N67"
"Q8IYU2","E3 UBIQUITIN-PROTEIN LIGASE HACE1","E; S; Y; Y; Q;","A  99   ; B  50   ; B  55   ; C 106   ; D  89   ;","A 607   ; A 566   ; A 613   ; A 802   ; A 856   ;","none; none; none; none; none","1.77 A","./target.php?radio=27363731750055693|sjft|607:A or 566:A or 613:A or 802:A or 856:A|-0.1626,-0.5111,-0.8440,-41.001,0.2296,0.8123,-0.5361,16.156,0.9596,-0.2809,-0.0147,58.381,0.0,0.0,0.0,1.0&db=afhuman&afid=Q8IYU2"
"Q9UGT4","SUSHI DOMAIN-CONTAINING PROTEIN 2","E; S; Q; E; Y;","A  99   ; B  50   ; B  89   ; C  99   ; D  55   ;","A 517   ; A 644   ; A 488   ; A 201   ; A 199   ;","none; none; none; none; none","1.77 A","./target.php?radio=27363731750055693|bkbh|517:A or 644:A or 488:A or 201:A or 199:A|-0.9949,-0.0993,0.0169,-57.228,0.0045,0.1237,0.9923,5.478,-0.1007,0.9873,-0.1226,9.332,0.0,0.0,0.0,1.0&db=afhuman&afid=Q9UGT4"
"A2RUS2","DENN DOMAIN-CONTAINING PROTEIN 3","E; S; E; Y; Y;","A  99   ; B  50   ; C  99   ; C 106   ; D  55   ;","A 435   ; A 932   ; A 231   ; A  76   ; A 119   ;","none; none; none; none; none","1.77 A","./target.php?radio=27363731750055693|fhzd|435:A or 932:A or 231:A or 76:A or 119:A|0.8704,-0.4423,-0.2163,-57.796,-0.3153,-0.1632,-0.9349,17.181,0.3782,0.8819,-0.2814,21.966,0.0,0.0,0.0,1.0&db=afhuman&afid=A2RUS2"
"P02751","FIBRONECTIN","E; S; Y; Q; E;","A  99   ; B  50   ; B  55   ; B  89   ; C  99   ;","A 795   ; A 575   ; A 590   ; A 600   ; A2376   ;","none; none; none; none; none","1.77 A","./target.php?radio=27363731750055693|aama|795:A or 575:A or 590:A or 600:A or 2376:A|-0.4470,0.1610,-0.8799,-81.072,-0.8534,-0.3716,0.3656,-4.921,-0.2681,0.9143,0.3035,26.469,0.0,0.0,0.0,1.0&db=afhuman&afid=P02751"
"Q8NB78","LYSINE-SPECIFIC HISTONE DEMETHYLASE 1B","E; Y; S; Y; Y;","A  99   ; B  36   ; B  50   ; C 106   ; D  55   ;","A 296   ; A 380   ; A 817   ; A 110   ; A  99   ;","none; none; none; none; none","1.77 A","./target.php?radio=27363731750055693|kena|296:A or 380:A or 817:A or 110:A or 99:A|-0.5673,-0.7357,0.3701,-31.060,0.5277,0.0203,0.8492,14.798,-0.6322,0.6770,0.3767,31.154,0.0,0.0,0.0,1.0&db=afhuman&afid=Q8NB78"
"Q9NYP9","PROTEIN MIS18-ALPHA","E; E; Y; Y; Q;","A  99   ; C  99   ; D  36   ; D  55   ; D  89   ;","A  71   ; A 131   ; A 161   ; A 152   ; A 102   ;","none; none; none; none; none","1.77 A","./target.php?radio=27363731750055693|rieg|71:A or 131:A or 161:A or 152:A or 102:A|-0.9945,0.1042,-0.0082,-68.316,-0.0617,-0.5225,0.8504,12.024,0.0843,0.8462,0.5261,23.574,0.0,0.0,0.0,1.0&db=afhuman&afid=Q9NYP9"
"Q96DT5","DYNEIN HEAVY CHAIN 11, AXONEMAL","E; Y; E; Y; Q;","A  99   ; B  55   ; C  99   ; D  36   ; D  89   ;","A 182   ; A 141   ; A 101   ; A 131   ; A 219   ;","none; none; none; none; none","1.77 A","./target.php?radio=27363731750055693|ikrr|182:A or 141:A or 101:A or 131:A or 219:A|-0.6658,-0.3696,0.6482,-19.862,0.2491,0.7088,0.6600,6.444,-0.7034,0.6008,-0.3799,33.956,0.0,0.0,0.0,1.0&db=afhuman&afid=Q96DT5"
"Q9UFH2","DYNEIN HEAVY CHAIN 17, AXONEMAL","E; Y; E; Y; Q;","A  99   ; B  55   ; C  99   ; D  36   ; D  89   ;","A1328   ; A1287   ; A1246   ; A1277   ; A1365   ;","none; none; none; none; none","1.77 A","./target.php?radio=27363731750055693|ohzj|1328:A or 1287:A or 1246:A or 1277:A or 1365:A|0.9779,0.1002,0.1833,-53.785,0.1135,0.4820,-0.8688,24.765,-0.1754,0.8705,0.4600,-9.048,0.0,0.0,0.0,1.0&db=afhuman&afid=Q9UFH2"
"Q5T4S7","E3 UBIQUITIN-PROTEIN LIGASE UBR4","E; S; Q; Y; Q;","A  99   ; B  50   ; B  89   ; D  36   ; D  89   ;","A 987   ; A 984   ; A 941   ; A1199   ; A1160   ;","none; none; none; none; none","1.77 A","./target.php?radio=27363731750055693|iavp|987:A or 984:A or 941:A or 1199:A or 1160:A|-0.8212,-0.5263,0.2206,-10.056,0.5706,-0.7540,0.3254,-5.017,-0.0049,0.3931,0.9195,26.211,0.0,0.0,0.0,1.0&db=afhuman&afid=Q5T4S7"
"Q7Z3Z4","PIWI-LIKE PROTEIN 4","S; Y; Y; Y; Y;","B  50   ; B  55   ; C 106   ; D  36   ; D  55   ;","A 818   ; A  58   ; A 336   ; A 344   ; A 340   ;","none; none; none; none; none","1.77 A","./target.php?radio=27363731750055693|ktci|818:A or 58:A or 336:A or 344:A or 340:A|0.4516,0.8921,-0.0127,-40.503,0.8545,-0.4284,0.2936,17.977,0.2565,-0.1434,-0.9558,19.838,0.0,0.0,0.0,1.0&db=afhuman&afid=Q7Z3Z4"
"O75962","TRIPLE FUNCTIONAL DOMAIN PROTEIN","S; Q; E; Y; Y;","B  50   ; B  89   ; C  99   ; C 106   ; D  55   ;","A1173   ; A1232   ; A 181   ; A 184   ; A 307   ;","none; none; none; none; none","1.78 A","./target.php?radio=27363731750055693|dvar|1173:A or 1232:A or 181:A or 184:A or 307:A|-0.2120,-0.9739,-0.0817,-50.927,-0.9765,0.2144,-0.0227,5.405,0.0396,0.0749,-0.9964,24.682,0.0,0.0,0.0,1.0&db=afhuman&afid=O75962"
"Q96M69","LEUCINE-RICH REPEAT AND GUANYLATE KINASE DOMAIN-CON","E; E; Y; Y; Y;","A  99   ; C  99   ; C 106   ; D  36   ; D  55   ;","A 604   ; A 423   ; A 486   ; A 463   ; A 491   ;","none; none; none; none; none","1.78 A","./target.php?radio=27363731750055693|ncio|604:A or 423:A or 486:A or 463:A or 491:A|-0.7228,0.4818,0.4954,-95.898,0.6488,0.2263,0.7265,1.139,0.2380,0.8465,-0.4762,40.593,0.0,0.0,0.0,1.0&db=afhuman&afid=Q96M69"
"O00222","METABOTROPIC GLUTAMATE RECEPTOR 8","E; Y; Y; Y; Q;","A  99   ; B  55   ; C 106   ; D  36   ; D  89   ;","A 441   ; A 445   ; A  36   ; A 111   ; A 115   ;","none; none; none; none; none","1.78 A","./target.php?radio=27363731750055693|ogwu|441:A or 445:A or 36:A or 111:A or 115:A|-0.1807,0.7168,0.6735,-38.071,0.9612,0.2739,-0.0336,-25.661,-0.2085,0.6413,-0.7384,-6.861,0.0,0.0,0.0,1.0&db=afhuman&afid=O00222"
"Q7Z478","ATP-DEPENDENT RNA HELICASE DHX29","E; Y; E; Y; Q;","A  99   ; B  36   ; C  99   ; D  55   ; D  89   ;","A 762   ; A 856   ; A 611   ; A 562   ; A 604   ;","none; none; none; none; none","1.78 A","./target.php?radio=27363731750055693|uzvu|762:A or 856:A or 611:A or 562:A or 604:A|0.4582,-0.8867,0.0610,-58.747,0.5347,0.3299,0.7780,8.081,-0.7100,-0.3238,0.6253,-19.341,0.0,0.0,0.0,1.0&db=afhuman&afid=Q7Z478"
"Q9Y485","DMX-LIKE PROTEIN 1","S; Q; E; Y; Y;","B  50   ; B  89   ; C  99   ; C 106   ; D  55   ;","A 903   ; A 775   ; A1084   ; A1076   ; A1080   ;","none; none; none; none; none","1.78 A","./target.php?radio=27363731750055693|eynk|903:A or 775:A or 1084:A or 1076:A or 1080:A|-0.6529,-0.4135,-0.6347,-45.283,0.1856,-0.8997,0.3952,-1.791,-0.7344,0.1402,0.6641,31.334,0.0,0.0,0.0,1.0&db=afhuman&afid=Q9Y485"
"O94830","PHOSPHOLIPASE DDHD2","Y; Q; E; Y; Y;","B  36   ; B  89   ; C  99   ; C 106   ; D  55   ;","A 699   ; A 702   ; A 137   ; A  37   ; A 140   ;","none; none; none; none; none","1.79 A","./target.php?radio=27363731750055693|tglw|699:A or 702:A or 137:A or 37:A or 140:A|0.7334,0.5208,-0.4370,-42.449,-0.5918,0.1728,-0.7873,6.862,-0.3345,0.8360,0.4349,-7.030,0.0,0.0,0.0,1.0&db=afhuman&afid=O94830"
"P31939","BIFUNCTIONAL PURINE BIOSYNTHESIS PROTEIN ATIC","S; Y; E; Y; Q;","B  50   ; B  55   ; C  99   ; D  36   ; D  89   ;","A 334   ; A 362   ; A 118   ; A 192   ; A 196   ;","none; none; none; none; none","1.79 A","./target.php?radio=27363731750055693|lbax|334:A or 362:A or 118:A or 192:A or 196:A|-0.8245,-0.2171,0.5225,-40.019,0.4944,0.1729,0.8519,-6.512,-0.2752,0.9607,-0.0352,5.639,0.0,0.0,0.0,1.0&db=afhuman&afid=P31939"
"Q8NFZ0","F-BOX DNA HELICASE 1","E; Y; S; Q; E;","A  99   ; B  36   ; B  50   ; B  89   ; C  99   ;","A 707   ; A 411   ; A 355   ; A 362   ; A 834   ;","none; none; none; none; none","1.79 A","./target.php?radio=27363731750055693|vphu|707:A or 411:A or 355:A or 362:A or 834:A|0.6601,-0.3056,-0.6863,-49.593,-0.4152,0.6130,-0.6723,8.688,0.6261,0.7286,0.2777,8.775,0.0,0.0,0.0,1.0&db=afhuman&afid=Q8NFZ0"
"Q86UB9","TRANSMEMBRANE PROTEIN 135","E; S; Y; E; Y;","A  99   ; B  50   ; B  55   ; C  99   ; C 106   ;","A 117   ; A  38   ; A  46   ; A 190   ; A 253   ;","none; none; none; none; none","1.79 A","./target.php?radio=27363731750055693|pqrs|117:A or 38:A or 46:A or 190:A or 253:A|-0.8774,-0.4656,0.1158,-50.179,-0.0514,0.3312,0.9422,22.471,-0.4770,0.8207,-0.3145,24.837,0.0,0.0,0.0,1.0&db=afhuman&afid=Q86UB9"
"Q15751","PROBABLE E3 UBIQUITIN-PROTEIN LIGASE HERC1","E; Y; Y; E; Q;","A  99   ; B  36   ; B  55   ; C  99   ; D  89   ;","A1294   ; A1225   ; A1290   ; A 468   ; A 485   ;","none; none; none; none; none","1.79 A","./target.php?radio=27363731750055693|szst|1294:A or 1225:A or 1290:A or 468:A or 485:A|-0.2918,-0.5514,0.7815,-75.716,-0.0283,0.8217,0.5692,6.154,-0.9560,0.1440,-0.2554,-4.222,0.0,0.0,0.0,1.0&db=afhuman&afid=Q15751"
"Q8N139","ATP-BINDING CASSETTE SUB-FAMILY A MEMBER 6","S; Q; Y; Y; Q;","B  50   ; B  89   ; D  36   ; D  55   ; D  89   ;","A1398   ; A1405   ; A1508   ; A1554   ; A1579   ;","none; none; none; none; none","1.79 A","./target.php?radio=27363731750055693|wnlm|1398:A or 1405:A or 1508:A or 1554:A or 1579:A|0.3353,0.8282,-0.4491,-38.042,0.0226,-0.4836,-0.8750,35.956,-0.9419,0.2832,-0.1808,-11.579,0.0,0.0,0.0,1.0&db=afhuman&afid=Q8N139"
"Q9P0L1","ZINC FINGER PROTEIN WITH KRAB AND SCAN DOMAINS 7","E; S; Y; Q; E;","A  99   ; B  50   ; B  55   ; B  89   ; C  99   ;","A 323   ; A 676   ; A 663   ; A 682   ; A 527   ;","none; none; none; none; none","1.79 A","./target.php?radio=27363731750055693|oosu|323:A or 676:A or 663:A or 682:A or 527:A|-0.6583,0.2831,0.6975,-67.648,-0.1487,0.8595,-0.4891,26.414,-0.7380,-0.4256,-0.5237,9.806,0.0,0.0,0.0,1.0&db=afhuman&afid=Q9P0L1"
"Q6KCM7","CALCIUM-BINDING MITOCHONDRIAL CARRIER PROTEIN SCAMC","E; E; Y; Y; Q;","A  99   ; C  99   ; C 106   ; D  55   ; D  89   ;","A  80   ; A 458   ; A 457   ; A 454   ; A  43   ;","none; none; none; none; none","1.79 A","./target.php?radio=27363731750055693|pgtd|80:A or 458:A or 457:A or 454:A or 43:A|0.4567,-0.4966,-0.7381,-77.096,0.7450,0.6669,0.0123,-7.051,0.4861,-0.5555,0.6746,35.549,0.0,0.0,0.0,1.0&db=afhuman&afid=Q6KCM7"
"Q9BZC7","ATP-BINDING CASSETTE SUB-FAMILY A MEMBER 2","E; S; Q; E; Y;","A  99   ; B  50   ; B  89   ; C  99   ; D  55   ;","A2249   ; A1275   ; A2350   ; A1816   ; A1835   ;","none; none; none; none; none","1.79 A","./target.php?radio=27363731750055693|dlvp|2249:A or 1275:A or 2350:A or 1816:A or 1835:A|-0.7051,0.2475,0.6646,-99.909,-0.5008,-0.8372,-0.2196,15.146,0.5020,-0.4877,0.7142,1.049,0.0,0.0,0.0,1.0&db=afhuman&afid=Q9BZC7"
"Q9NZM1","MYOFERLIN","S; Y; E; Y; Q;","B  50   ; B  55   ; C  99   ; D  36   ; D  89   ;","A 558   ; A 365   ; A 665   ; A 809   ; A 795   ;","none; none; none; none; none","1.79 A","./target.php?radio=27363731750055693|pfki|558:A or 365:A or 665:A or 809:A or 795:A|0.5670,-0.8005,-0.1942,-76.827,-0.5201,-0.5307,0.6692,21.627,-0.6388,-0.2784,-0.7173,-3.104,0.0,0.0,0.0,1.0&db=afhuman&afid=Q9NZM1"
"O75445","USHERIN","E; Y; S; Y; Q;","A  99   ; B  36   ; B  50   ; C 106   ; D  89   ;","A 142   ; A 133   ; A1133   ; A 223   ; A 187   ;","none; none; none; none; none","1.79 A","./target.php?radio=27363731750055693|dnty|142:A or 133:A or 1133:A or 223:A or 187:A|0.8674,0.4361,-0.2397,-41.907,-0.2780,0.8241,0.4935,-3.672,0.4128,-0.3614,0.8360,21.298,0.0,0.0,0.0,1.0&db=afhuman&afid=O75445"
"Q86UQ4","ATP-BINDING CASSETTE SUB-FAMILY A MEMBER 13","Y; S; Y; E; Q;","B  36   ; B  50   ; B  55   ; C  99   ; D  89   ;","A1162   ; A1209   ; A 712   ; A1135   ; A1141   ;","none; none; none; none; none","1.79 A","./target.php?radio=27363731750055693|ogmm|1162:A or 1209:A or 712:A or 1135:A or 1141:A|-0.4102,-0.4209,-0.8091,-60.909,-0.8763,-0.0640,0.4775,-9.395,-0.2528,0.9049,-0.3426,-9.533,0.0,0.0,0.0,1.0&db=afhuman&afid=Q86UQ4"
"P78509","REELIN","S; Q; Y; Y; Q;","B  50   ; B  89   ; C 106   ; D  55   ; D  89   ;","A 838   ; A 964   ; A 424   ; A 429   ; A 556   ;","none; none; none; none; none","1.79 A","./target.php?radio=27363731750055693|nnpy|838:A or 964:A or 424:A or 429:A or 556:A|-0.1805,-0.0513,0.9822,-51.755,-0.9831,-0.0226,-0.1818,23.425,0.0315,-0.9984,-0.0464,24.608,0.0,0.0,0.0,1.0&db=afhuman&afid=P78509"
"Q9P2H3","INTRAFLAGELLAR TRANSPORT PROTEIN 80 HOMOLOG","Y; S; Y; Y; Q;","B  36   ; B  50   ; D  36   ; D  55   ; D  89   ;","A 648   ; A 660   ; A 344   ; A 399   ; A 470   ;","none; none; none; none; none","1.79 A","./target.php?radio=27363731750055693|jxhl|648:A or 660:A or 344:A or 399:A or 470:A|-0.7187,0.2721,0.6399,-75.119,-0.3129,0.6952,-0.6471,10.583,-0.6209,-0.6653,-0.4145,0.632,0.0,0.0,0.0,1.0&db=afhuman&afid=Q9P2H3"
"Q9BZJ0","CROOKED NECK-LIKE PROTEIN 1","E; Y; Q; E; Y;","A  99   ; B  55   ; B  89   ; C  99   ; C 106   ;","A 286   ; A 282   ; A 259   ; A 367   ; A 382   ;","none; none; none; none; none","1.79 A","./target.php?radio=27363731750055693|itba|286:A or 282:A or 259:A or 367:A or 382:A|0.1892,-0.5950,0.7811,-85.678,-0.9035,-0.4171,-0.0988,-25.213,0.3846,-0.6870,-0.6165,50.432,0.0,0.0,0.0,1.0&db=afhuman&afid=Q9BZJ0"
"P27708","CAD PROTEIN","S; Y; Y; Y; Q;","B  50   ; B  55   ; C 106   ; D  36   ; D  89   ;","A 532   ; A 679   ; A 271   ; A  45   ; A  30   ;","none; none; none; none; none","1.80 A","./target.php?radio=27363731750055693|fesk|532:A or 679:A or 271:A or 45:A or 30:A|-0.1345,0.9909,0.0038,-60.878,-0.9652,-0.1319,0.2256,31.403,0.2241,0.0267,0.9742,27.731,0.0,0.0,0.0,1.0&db=afhuman&afid=P27708"
"Q14204","CYTOPLASMIC DYNEIN 1 HEAVY CHAIN 1","E; Q; E; Y; Q;","A  99   ; B  89   ; C  99   ; D  36   ; D  89   ;","A  14   ; A  41   ; A 445   ; A 411   ; A 415   ;","none; none; none; none; none","1.80 A","./target.php?radio=27363731750055693|hsyu|14:A or 41:A or 445:A or 411:A or 415:A|-0.3298,0.3825,-0.8631,-73.392,0.6157,0.7802,0.1105,-3.281,0.7156,-0.4950,-0.4928,-23.224,0.0,0.0,0.0,1.0&db=afhuman&afid=Q14204"
"P12111","COLLAGEN ALPHA-3(VI) CHAIN","E; S; E; Y; Q;","A  99   ; B  50   ; C  99   ; C 106   ; D  89   ;","A 603   ; A 457   ; A 786   ; A 787   ; A 214   ;","none; none; none; none; none","1.80 A","./target.php?radio=27363731750055693|ngaz|603:A or 457:A or 786:A or 787:A or 214:A|-0.4738,0.2320,0.8495,-78.147,-0.0762,-0.9719,0.2229,9.366,0.8774,0.0408,0.4781,29.300,0.0,0.0,0.0,1.0&db=afhuman&afid=P12111"
"Q9NXF1","TESTIS-EXPRESSED PROTEIN 10","E; S; Y; E; Q;","A  99   ; B  50   ; B  55   ; C  99   ; D  89   ;","A 535   ; A 549   ; A 531   ; A 315   ; A 373   ;","none; none; none; none; none","1.80 A","./target.php?radio=27363731750055693|masd|535:A or 549:A or 531:A or 315:A or 373:A|-0.3549,-0.7967,0.4892,-36.819,-0.9340,0.2792,-0.2230,-1.257,0.0411,-0.5360,-0.8432,8.115,0.0,0.0,0.0,1.0&db=afhuman&afid=Q9NXF1"